study,topic,Topic,pid_3,format,term,estimate,std.error,statistic,p.value,conf.low,conf.high,df,outcome,category,Estimator,value,Party,Format,lab_outside
1,Blocked whistleblower,Blocked whistleblower,Democrat,Change,(Intercept),NA,0.06902828418342015,6.56006728308641,2.4877912924748658e-8,NA,NA,51.999999999999986,(YC == -1),Less,More-less,0.4528301886792456,Democrat,Change,NA
1,Blocked whistleblower,Blocked whistleblower,Democrat,Change,(Intercept),NA,0.0647288914977584,4.95535624910617,8.049944472012514e-6,NA,NA,51.999999999999986,(YC == 0), Same,More-less,0.3207547169811323,Democrat,Change,NA
1,Blocked whistleblower,Blocked whistleblower,Democrat,Change,(Intercept),NA,0.058037007324041254,3.901219321586773,2.7632250859477715e-4,NA,NA,51.999999999999986,(YC == 1), More,More-less,0.22641509433962279,Democrat,Change,NA
1,Blocked whistleblower,Blocked whistleblower,Democrat,Change,(Intercept),-0.2264150943396228,0.10989343510122469,-2.0603150145508518,0.04438816149918755,-0.4469324047827493,-0.005897783896496339,51.999999999999986,YC,  Diff,More-less,-0.2264150943396228,Democrat,Change,-0.23 (0.11)
1,Blocked whistleblower,Blocked whistleblower,Democrat,Change + level,(Intercept),NA,0.07453559924999302,6.708203932499371,2.7634322450637156e-8,NA,NA,45,(YC == -1),Less,More-less,0.5000000000000003,Democrat,Change + level,NA
1,Blocked whistleblower,Blocked whistleblower,Democrat,Change + level,(Intercept),NA,0.07195473383945747,5.1360792775060995,5.839749856070062e-6,NA,NA,45,(YC == 0), Same,More-less,0.36956521739130443,Democrat,Change + level,NA
1,Blocked whistleblower,Blocked whistleblower,Democrat,Change + level,(Intercept),NA,0.05020437123388053,2.5980762113533156,0.012627143328423447,NA,NA,45,(YC == 1), More,More-less,0.1304347826086957,Democrat,Change + level,NA
1,Blocked whistleblower,Blocked whistleblower,Democrat,Change + level,(Intercept),-0.3695652173913045,0.10475965431015194,-3.52774376571698,9.781306696941639e-4,-0.5805619921553675,-0.15856844262724148,45,YC,  Diff,More-less,-0.3695652173913045,Democrat,Change + level,-0.37 (0.10)
1,Blocked whistleblower,Blocked whistleblower,Democrat,Counterfactual,(Intercept),NA,0.049392914472734806,9.434944717282757,1.450473840944784e-15,NA,NA,101.99999999999997,(YC == -1),Less,More-less,0.4660194174757283,Democrat,Counterfactual,NA
1,Blocked whistleblower,Blocked whistleblower,Democrat,Counterfactual,(Intercept),NA,0.04865777570410773,8.380304779464842,3.0382398715807875e-13,NA,NA,101.99999999999997,(YC == 0), Same,More-less,0.40776699029126223,Democrat,Counterfactual,NA
1,Blocked whistleblower,Blocked whistleblower,Democrat,Counterfactual,(Intercept),NA,0.03288180278808633,3.838402445462609,2.1499928333549187e-4,NA,NA,101.99999999999997,(YC == 1), More,More-less,0.1262135922330098,Democrat,Counterfactual,NA
1,Blocked whistleblower,Blocked whistleblower,Democrat,Counterfactual,(Intercept),-0.3398058252427185,0.06836787822464391,-4.970255536177105,2.70502174465651e-6,-0.475413187539304,-0.20419846294613303,101.99999999999997,YC,  Diff,More-less,-0.3398058252427185,Democrat,Counterfactual,-0.34 (0.07)
1,Blocked whistleblower,Blocked whistleblower,Republican,Change,(Intercept),NA,0.08182838794858087,7.266360849833979,1.472946970010023e-8,NA,NA,36,(YC == -1),Less,More-less,0.5945945945945946,Republican,Change,NA
1,Blocked whistleblower,Blocked whistleblower,Republican,Change,(Intercept),NA,0.08083044344561426,4.681136985632963,3.9638849597631636e-5,NA,NA,36,(YC == 0), Same,More-less,0.3783783783783784,Republican,Change,NA
1,Blocked whistleblower,Blocked whistleblower,Republican,Change,(Intercept),NA,0.02702702702702703,1,0.32398502626512726,NA,NA,36,(YC == 1), More,More-less,0.02702702702702703,Republican,Change,NA
1,Blocked whistleblower,Blocked whistleblower,Republican,Change,(Intercept),-0.5675675675675677,0.09120926455548013,-6.222696458892415,3.5060972948251275e-7,-0.7525485298463758,-0.38258660528875954,36,YC,  Diff,More-less,-0.5675675675675677,Republican,Change,-0.57 (0.09)
1,Blocked whistleblower,Blocked whistleblower,Republican,Change + level,(Intercept),NA,0.07167347772513391,5.343381339370328,2.7539606748837816e-6,NA,NA,46,(YC == -1),Less,More-less,0.38297872340425543,Republican,Change + level,NA
1,Blocked whistleblower,Blocked whistleblower,Republican,Change + level,(Intercept),NA,0.07330262843906579,7.546680127869538,1.3884205051970912e-9,NA,NA,46,(YC == 0), Same,More-less,0.5531914893617023,Republican,Change + level,NA
1,Blocked whistleblower,Blocked whistleblower,Republican,Change + level,(Intercept),NA,0.03604210867489021,1.7709781580707415,0.08319003744818591,NA,NA,46,(YC == 1), More,More-less,0.06382978723404256,Republican,Change + level,NA
1,Blocked whistleblower,Blocked whistleblower,Republican,Change + level,(Intercept),-0.3191489361702128,0.08659657428455231,-3.685468378015789,6.001812713707233e-4,-0.49345879942908755,-0.14483907291133805,46,YC,  Diff,More-less,-0.3191489361702128,Republican,Change + level,-0.32 (0.09)
1,Blocked whistleblower,Blocked whistleblower,Republican,Counterfactual,(Intercept),NA,0.05334849975136037,5.392302205637503,8.419931667958341e-7,NA,NA,72.00000000000004,(YC == -1),Less,More-less,0.2876712328767123,Republican,Counterfactual,NA
1,Blocked whistleblower,Blocked whistleblower,Republican,Counterfactual,(Intercept),NA,0.05825274348024235,9.876658701037222,4.977015239865928e-15,NA,NA,72.00000000000004,(YC == 0), Same,More-less,0.5753424657534248,Republican,Counterfactual,NA
1,Blocked whistleblower,Blocked whistleblower,Republican,Counterfactual,(Intercept),NA,0.04052109440479189,3.380617018914067,0.0011714257406858113,NA,NA,72.00000000000004,(YC == 1), More,More-less,0.13698630136986303,Republican,Counterfactual,NA
1,Blocked whistleblower,Blocked whistleblower,Republican,Counterfactual,(Intercept),-0.15068493150684933,0.07471720626462817,-2.0167366934620654,0.04745319968754774,-0.29963095999814576,-0.0017389030155529062,72.00000000000004,YC,  Diff,More-less,-0.15068493150684933,Republican,Counterfactual,-0.15 (0.07)
1,Death penalty,Death penalty,Democrat,Change,(Intercept),NA,0.06661733875264915,5.196152422706633,3.6031631969560876e-6,NA,NA,51.000000000000036,(YC == -1),Less,More-less,0.3461538461538463,Democrat,Change,NA
1,Death penalty,Death penalty,Democrat,Change,(Intercept),NA,0.0695463729665796,8.018999178581264,1.3568211434304484e-10,NA,NA,51.000000000000036,(YC == 0), Same,More-less,0.5576923076923082,Democrat,Change,NA
1,Death penalty,Death penalty,Democrat,Change,(Intercept),NA,0.04128055232750759,2.3292771228202147,0.023842821605542637,NA,NA,51.000000000000036,(YC == 1), More,More-less,0.0961538461538462,Democrat,Change,NA
1,Death penalty,Death penalty,Democrat,Change,(Intercept),-0.25000000000000017,0.08629721694870589,-2.896964801873013,0.00553878160115486,-0.4232488921696468,-0.07675110783035358,51.000000000000036,YC,  Diff,More-less,-0.25000000000000017,Democrat,Change,-0.25 (0.09)
1,Death penalty,Death penalty,Democrat,Change + level,(Intercept),NA,0.06030226891555272,3.3166247903554007,0.0018332204684103066,NA,NA,43.999999999999986,(YC == -1),Less,More-less,0.20000000000000004,Democrat,Change + level,NA
1,Death penalty,Death penalty,Democrat,Change + level,(Intercept),NA,0.06832943242540511,10.407098169407853,1.9235257580467546e-13,NA,NA,43.999999999999986,(YC == 0), Same,More-less,0.7111111111111111,Democrat,Change + level,NA
1,Death penalty,Death penalty,Democrat,Change + level,(Intercept),NA,0.04290254662948546,2.071879081131249,0.04416972927523993,NA,NA,43.999999999999986,(YC == 1), More,More-less,0.08888888888888889,Democrat,Change + level,NA
1,Death penalty,Death penalty,Democrat,Change + level,(Intercept),-0.11111111111111113,0.07927845200140841,-1.4015297764534707,0.16807046347661722,-0.2708863326268459,0.04866411040462368,43.999999999999986,YC,  Diff,More-less,-0.11111111111111113,Democrat,Change + level,-0.11 (0.08)
1,Death penalty,Death penalty,Democrat,Counterfactual,(Intercept),NA,0.025156485287162605,2.728022225561569,0.007515486929934544,NA,NA,101.00000000000017,(YC == -1),Less,More-less,0.0686274509803922,Democrat,Counterfactual,NA
1,Death penalty,Death penalty,Democrat,Counterfactual,(Intercept),NA,0.03793281185307815,21.710212650578367,7.887124648401138e-40,NA,NA,101.00000000000017,(YC == 0), Same,More-less,0.8235294117647062,Democrat,Counterfactual,NA
1,Death penalty,Death penalty,Democrat,Counterfactual,(Intercept),NA,0.03086428212206017,3.4941080705655367,7.076401854873412e-4,NA,NA,101.00000000000017,(YC == 1), More,More-less,0.10784313725490205,Democrat,Counterfactual,NA
1,Death penalty,Death penalty,Democrat,Counterfactual,(Intercept),0.03921568627450984,0.04161738952343934,0.9422908722427956,0.34829219352347407,-0.0433420195852166,0.12177339213423627,101.00000000000017,YC,  Diff,More-less,0.03921568627450984,Democrat,Counterfactual,0.04 (0.04)
1,Death penalty,Death penalty,Republican,Change,(Intercept),NA,0.04549326548811747,1.7822655773580138,0.08314216219362842,NA,NA,36,(YC == -1),Less,More-less,0.08108108108108109,Republican,Change,NA
1,Death penalty,Death penalty,Republican,Change,(Intercept),NA,0.07802030664724674,8.660254037844386,2.501520667886922e-10,NA,NA,36,(YC == 0), Same,More-less,0.6756756756756758,Republican,Change,NA
1,Death penalty,Death penalty,Republican,Change,(Intercept),NA,0.07150679219093489,3.401680257083045,0.00165410061317341,NA,NA,36,(YC == 1), More,More-less,0.24324324324324326,Republican,Change,NA
1,Death penalty,Death penalty,Republican,Change,(Intercept),0.1621621621621622,0.09098653097623496,1.7822655773580136,0.08314216219362848,-0.02236707548076189,0.3466913998050863,36,YC,  Diff,More-less,0.1621621621621622,Republican,Change,0.16 (0.09)
1,Death penalty,Death penalty,Republican,Change + level,(Intercept),NA,0.04114219418674762,2.0685912519011236,0.04423197766023922,NA,NA,46,(YC == -1),Less,More-less,0.08510638297872337,Republican,Change + level,NA
1,Death penalty,Death penalty,Republican,Change + level,(Intercept),NA,0.07084485475872634,9.00979858755096,1.006406913650158e-11,NA,NA,46,(YC == 0), Same,More-less,0.6382978723404256,Republican,Change + level,NA
1,Death penalty,Death penalty,Republican,Change + level,(Intercept),NA,0.06595297051445341,4.193833007419066,1.2355988939785e-4,NA,NA,46,(YC == 1), More,More-less,0.27659574468085113,Republican,Change + level,NA
1,Death penalty,Death penalty,Republican,Change + level,(Intercept),0.19148936170212771,0.08405923791336552,2.2780287622817084,0.027417489103370465,0.022286891657793045,0.36069183174646235,46,YC,  Diff,More-less,0.19148936170212771,Republican,Change + level,0.19 (0.08)
1,Death penalty,Death penalty,Republican,Counterfactual,(Intercept),NA,0.0442287410361896,3.7682887362833553,3.3651084782153145e-4,NA,NA,71.00000000000004,(YC == -1),Less,More-less,0.16666666666666669,Republican,Counterfactual,NA
1,Death penalty,Death penalty,Republican,Counterfactual,(Intercept),NA,0.051389153237064875,14.594519519326429,4.5936699634941566e-23,NA,NA,71.00000000000004,(YC == 0), Same,More-less,0.7500000000000002,Republican,Counterfactual,NA
1,Death penalty,Death penalty,Republican,Counterfactual,(Intercept),NA,0.032800912235873524,2.5405797477240224,0.013254865922401486,NA,NA,71.00000000000004,(YC == 1), More,More-less,0.08333333333333336,Republican,Counterfactual,NA
1,Death penalty,Death penalty,Republican,Counterfactual,(Intercept),-0.08333333333333334,0.05850912479161746,-1.424279266355945,0.15874612842471195,-0.19999721467003106,0.033330548003364366,71.00000000000004,YC,  Diff,More-less,-0.08333333333333334,Republican,Counterfactual,-0.08 (0.06)
1,Disputed accusation,Disputed accusation,Democrat,Change,(Intercept),NA,0.04695159976668162,18.485515565282082,1.6321884679232917e-24,NA,NA,51.999999999999986,(YC == -1),Less,More-less,0.8679245283018876,Democrat,Change,NA
1,Disputed accusation,Disputed accusation,Democrat,Change,(Intercept),NA,0.04393868070601048,2.576489447356699,0.012859586155704768,NA,NA,51.999999999999986,(YC == 0), Same,More-less,0.11320754716981139,Democrat,Change,NA
1,Disputed accusation,Disputed accusation,Democrat,Change,(Intercept),NA,0.018867924528301893,1.0000000000000002,0.3219413481728341,NA,NA,51.999999999999986,(YC == 1), More,More-less,0.018867924528301896,Democrat,Change,NA
1,Disputed accusation,Disputed accusation,Democrat,Change,(Intercept),-0.8490566037735857,0.05648269585570408,-15.032154377734805,1.4365130714574904e-20,-0.9623974249537054,-0.735715782593466,51.999999999999986,YC,  Diff,More-less,-0.8490566037735857,Democrat,Change,-0.85 (0.06)
1,Disputed accusation,Disputed accusation,Democrat,Change + level,(Intercept),NA,0.07195473383945747,8.761547002804527,2.759854614259563e-11,NA,NA,45,(YC == -1),Less,More-less,0.630434782608696,Democrat,Change + level,NA
1,Disputed accusation,Disputed accusation,Democrat,Change + level,(Intercept),NA,0.07099970268936752,4.898979485566356,1.2867571244053232e-5,NA,NA,45,(YC == 0), Same,More-less,0.3478260869565219,Democrat,Change + level,NA
1,Disputed accusation,Disputed accusation,Democrat,Change + level,(Intercept),NA,0.02173913043478262,1,0.32265765224996135,NA,NA,45,(YC == 1), More,More-less,0.02173913043478262,Democrat,Change + level,NA
1,Disputed accusation,Disputed accusation,Democrat,Change + level,(Intercept),-0.6086956521739134,0.07911503805191993,-7.693804707196774,9.653657245583377e-10,-0.7680415184257224,-0.4493497859221044,45,YC,  Diff,More-less,-0.6086956521739134,Democrat,Change + level,-0.61 (0.08)
1,Disputed accusation,Disputed accusation,Democrat,Counterfactual,(Intercept),NA,0.04405268024140926,6.170899448216604,1.3876695355756572e-8,NA,NA,101.99999999999997,(YC == -1),Less,More-less,0.27184466019417486,Democrat,Counterfactual,NA
1,Disputed accusation,Disputed accusation,Democrat,Counterfactual,(Intercept),NA,0.046897659372781376,14.077337410584029,1.1950540302607383e-25,NA,NA,101.99999999999997,(YC == 0), Same,More-less,0.660194174757282,Democrat,Counterfactual,NA
1,Disputed accusation,Disputed accusation,Democrat,Counterfactual,(Intercept),NA,0.024919959142514495,2.7271780286589276,0.007521755587980685,NA,NA,101.99999999999997,(YC == 1), More,More-less,0.0679611650485437,Democrat,Counterfactual,NA
1,Disputed accusation,Disputed accusation,Democrat,Counterfactual,(Intercept),-0.20388349514563112,0.05407305748325549,-3.7705190835337286,2.7329783548236166e-4,-0.3111371482796664,-0.09662984201159584,101.99999999999997,YC,  Diff,More-less,-0.20388349514563112,Democrat,Counterfactual,-0.20 (0.05)
1,Disputed accusation,Disputed accusation,Republican,Change,(Intercept),NA,0.07150679219093489,3.401680257083045,0.00165410061317341,NA,NA,36,(YC == -1),Less,More-less,0.24324324324324328,Republican,Change,NA
1,Disputed accusation,Disputed accusation,Republican,Change,(Intercept),NA,0.08256893144064577,6.873863542433759,4.80798742250038e-8,NA,NA,36,(YC == 0), Same,More-less,0.5675675675675675,Republican,Change,NA
1,Disputed accusation,Disputed accusation,Republican,Change,(Intercept),NA,0.06527647182968217,2.898275349237887,0.006351941055514249,NA,NA,36,(YC == 1), More,More-less,0.1891891891891892,Republican,Change,NA
1,Disputed accusation,Disputed accusation,Republican,Change,(Intercept),-0.05405405405405406,0.10922842930614542,-0.4948716593053935,0.623697631982849,-0.27557957626636487,0.16747146815825673,36,YC,  Diff,More-less,-0.05405405405405406,Republican,Change,-0.05 (0.11)
1,Disputed accusation,Disputed accusation,Republican,Change + level,(Intercept),NA,0.0716734777251339,5.343381339370328,2.7539606748837816e-6,NA,NA,46,(YC == -1),Less,More-less,0.3829787234042554,Republican,Change + level,NA
1,Disputed accusation,Disputed accusation,Republican,Change + level,(Intercept),NA,0.07357064625618348,7.229988054812212,4.122022839014542e-9,NA,NA,46,(YC == 0), Same,More-less,0.5319148936170214,Republican,Change + level,NA
1,Disputed accusation,Disputed accusation,Republican,Change + level,(Intercept),NA,0.041142194186747624,2.0685912519011236,0.04423197766023922,NA,NA,46,(YC == 1), More,More-less,0.0851063829787234,Republican,Change + level,NA
1,Disputed accusation,Disputed accusation,Republican,Change + level,(Intercept),-0.29787234042553196,0.09081241717341385,-3.2800838222015387,0.0019829626025237523,-0.4806682552811319,-0.11507642556993206,46,YC,  Diff,More-less,-0.29787234042553196,Republican,Change + level,-0.30 (0.09)
1,Disputed accusation,Disputed accusation,Republican,Counterfactual,(Intercept),NA,0.058476020433176706,9.604686356149275,1.5788565788130563e-14,NA,NA,72.00000000000004,(YC == -1),Less,More-less,0.5616438356164385,Republican,Counterfactual,NA
1,Disputed accusation,Disputed accusation,Republican,Counterfactual,(Intercept),NA,0.05643473559044873,6.311084473689334,2.0035362559198724e-8,NA,NA,72.00000000000004,(YC == 0), Same,More-less,0.35616438356164387,Republican,Counterfactual,NA
1,Disputed accusation,Disputed accusation,Republican,Counterfactual,(Intercept),NA,0.032368600179812385,2.539244217090954,0.01326977478032745,NA,NA,72.00000000000004,(YC == 1), More,More-less,0.08219178082191782,Republican,Counterfactual,NA
1,Disputed accusation,Disputed accusation,Republican,Counterfactual,(Intercept),-0.4794520547945207,0.07582521417997998,-6.3231216684266185,1.9056956659458834e-8,-0.6306068566966438,-0.3282972528923975,72.00000000000004,YC,  Diff,More-less,-0.4794520547945207,Republican,Counterfactual,-0.48 (0.08)
1,Endorsed Trump,Endorsed Trump,Democrat,Change,(Intercept),NA,0.05623975840347626,14.090615832725504,2.1643057483513396e-19,NA,NA,51.999999999999986,(YC == -1),Less,More-less,0.7924528301886798,Democrat,Change,NA
1,Endorsed Trump,Endorsed Trump,Democrat,Change,(Intercept),NA,0.049644793545680924,3.040467800264368,0.0036939969176519637,NA,NA,51.999999999999986,(YC == 0), Same,More-less,0.15094339622641517,Democrat,Change,NA
1,Endorsed Trump,Endorsed Trump,Democrat,Change,(Intercept),NA,0.03204557643805461,1.7663521732655696,0.08320638174469355,NA,NA,51.999999999999986,(YC == 1), More,More-less,0.056603773584905696,Democrat,Change,NA
1,Endorsed Trump,Endorsed Trump,Democrat,Change,(Intercept),-0.7358490566037741,0.07690938345133107,-9.567740938521837,4.674452972330307e-13,-0.8901790251856518,-0.5815190880218963,51.999999999999986,YC,  Diff,More-less,-0.7358490566037741,Democrat,Change,-0.74 (0.08)
1,Endorsed Trump,Endorsed Trump,Democrat,Change + level,(Intercept),NA,0.06358669845936325,11.96586052826198,1.408286743289646e-15,NA,NA,45,(YC == -1),Less,More-less,0.7608695652173916,Democrat,Change + level,NA
1,Endorsed Trump,Endorsed Trump,Democrat,Change + level,(Intercept),NA,0.0614875461901346,3.535533905932737,9.558775168378023e-4,NA,NA,45,(YC == 0), Same,More-less,0.21739130434782616,Democrat,Change + level,NA
1,Endorsed Trump,Endorsed Trump,Democrat,Change + level,(Intercept),NA,0.02173913043478262,1,0.32265765224996135,NA,NA,45,(YC == 1), More,More-less,0.02173913043478262,Democrat,Change + level,NA
1,Endorsed Trump,Endorsed Trump,Democrat,Change + level,(Intercept),-0.7391304347826089,0.07246376811594206,-10.199999999999998,2.7862973738186433e-13,-0.8850799557160036,-0.5931809138492141,45,YC,  Diff,More-less,-0.7391304347826089,Democrat,Change + level,-0.74 (0.07)
1,Endorsed Trump,Endorsed Trump,Democrat,Counterfactual,(Intercept),NA,0.0495050438212892,10.001922892047386,8.063450015799078e-17,NA,NA,101.99999999999997,(YC == -1),Less,More-less,0.49514563106796144,Democrat,Counterfactual,NA
1,Endorsed Trump,Endorsed Trump,Democrat,Counterfactual,(Intercept),NA,0.04865777570410773,8.380304779464844,3.038239871580755e-13,NA,NA,101.99999999999997,(YC == 0), Same,More-less,0.40776699029126234,Democrat,Counterfactual,NA
1,Endorsed Trump,Endorsed Trump,Democrat,Counterfactual,(Intercept),NA,0.02931596291881349,3.311758133602735,0.0012830841230168518,NA,NA,101.99999999999997,(YC == 1), More,More-less,0.09708737864077675,Democrat,Counterfactual,NA
1,Endorsed Trump,Endorsed Trump,Democrat,Counterfactual,(Intercept),-0.3980582524271846,0.06521327284179784,-6.103945333227515,1.887371418660693e-8,-0.527408469904258,-0.2687080349501112,101.99999999999997,YC,  Diff,More-less,-0.3980582524271846,Democrat,Counterfactual,-0.40 (0.07)
1,Endorsed Trump,Endorsed Trump,Republican,Change,(Intercept),NA,0.03768738858261602,1.4342743312012722,0.16012407999051007,NA,NA,36,(YC == -1),Less,More-less,0.05405405405405406,Republican,Change,NA
1,Endorsed Trump,Endorsed Trump,Republican,Change,(Intercept),NA,0.079565413210160807,4.415880433163922,8.810089875722321e-5,NA,NA,36,(YC == 0), Same,More-less,0.35135135135135137,Republican,Change,NA
1,Endorsed Trump,Endorsed Trump,Republican,Change,(Intercept),NA,0.08182838794858087,7.266360849833979,1.472946970010023e-8,NA,NA,36,(YC == 1), More,More-less,0.5945945945945946,Republican,Change,NA
1,Endorsed Trump,Endorsed Trump,Republican,Change,(Intercept),0.5405405405405406,0.09950775691159695,5.432144762551111,3.990769194921232e-6,0.33872945569710977,0.7423516253839714,36,YC,  Diff,More-less,0.5405405405405406,Republican,Change,0.54 (0.10)
1,Endorsed Trump,Endorsed Trump,Republican,Change + level,(Intercept),NA,0.062426763436828826,3.7490739597339977,4.947643601247592e-4,NA,NA,46,(YC == -1),Less,More-less,0.2340425531914894,Republican,Change + level,NA
1,Endorsed Trump,Endorsed Trump,Republican,Change + level,(Intercept),NA,0.07330262843906579,6.095395487894628,2.0830180880125402e-7,NA,NA,46,(YC == 0), Same,More-less,0.446808510638298,Republican,Change + level,NA
1,Endorsed Trump,Endorsed Trump,Republican,Change + level,(Intercept),NA,0.06872960451806369,4.643543905251677,2.8762015468656497e-5,NA,NA,46,(YC == 1), More,More-less,0.3191489361702128,Republican,Change + level,NA
1,Endorsed Trump,Endorsed Trump,Republican,Change + level,(Intercept),0.0851063829787234,0.1089423853453683,0.7812054299060903,0.4386838765406632,-0.13418326501875294,0.30439603097619977,46,YC,  Diff,More-less,0.0851063829787234,Republican,Change + level,0.09 (0.11)
1,Endorsed Trump,Endorsed Trump,Republican,Counterfactual,(Intercept),NA,0.047617930626973094,4.315169713368457,4.998234331875018e-5,NA,NA,72.00000000000004,(YC == -1),Less,More-less,0.20547945205479456,Republican,Counterfactual,NA
1,Endorsed Trump,Endorsed Trump,Republican,Counterfactual,(Intercept),NA,0.05689468399258956,11.075498483890769,3.2971600318923446e-17,NA,NA,72.00000000000004,(YC == 0), Same,More-less,0.63013698630137,Republican,Counterfactual,NA
1,Endorsed Trump,Endorsed Trump,Republican,Counterfactual,(Intercept),NA,0.04367837093540866,3.76350028912308,3.389204866508785e-4,NA,NA,72.00000000000004,(YC == 1), More,More-less,0.16438356164383564,Republican,Counterfactual,NA
1,Endorsed Trump,Endorsed Trump,Republican,Counterfactual,(Intercept),-0.04109589041095891,0.07150894869116814,-0.574695771132691,0.5672884786501537,-0.18364637431709574,0.10145459349517794,72.00000000000004,YC,  Diff,More-less,-0.04109589041095891,Republican,Counterfactual,-0.04 (0.07)
1,Immigration,Immigrant population,Democrat,Change,(Intercept),NA,0.052974522506642995,3.2671728764562125,0.0019466469726870698,NA,NA,51.000000000000036,(YC == -1),Less,More-less,0.17307692307692316,Democrat,Change,NA
1,Immigration,Immigrant population,Democrat,Change,(Intercept),NA,0.06870717031248968,8.676734079462983,1.2925976326280311e-11,NA,NA,51.000000000000036,(YC == 0), Same,More-less,0.5961538461538466,Democrat,Change,NA
1,Immigration,Immigrant population,Democrat,Change,(Intercept),NA,0.058997306834413135,3.91152144312159,2.7215708649962444e-4,NA,NA,51.000000000000036,(YC == 1), More,More-less,0.23076923076923092,Democrat,Change,NA
1,Immigration,Immigrant population,Democrat,Change,(Intercept),0.05769230769230773,0.08861878607096785,0.6510166777291045,0.5179583492566469,-0.12021732896885834,0.2356019443534738,51.000000000000036,YC,  Diff,More-less,0.05769230769230773,Democrat,Change,0.06 (0.09)
1,Immigration,Immigrant population,Democrat,Change + level,(Intercept),NA,0.04737793696791343,2.3452078799117153,0.023590663110760305,NA,NA,43.999999999999986,(YC == -1),Less,More-less,0.11111111111111113,Democrat,Change + level,NA
1,Immigration,Immigrant population,Democrat,Change + level,(Intercept),NA,0.06832943242540511,10.407098169407853,1.9235257580467546e-13,NA,NA,43.999999999999986,(YC == 0), Same,More-less,0.7111111111111111,Democrat,Change + level,NA
1,Immigration,Immigrant population,Democrat,Change + level,(Intercept),NA,0.05763774795025093,3.084398403824239,0.003518350119082115,NA,NA,43.999999999999986,(YC == 1), More,More-less,0.17777777777777778,Democrat,Change + level,NA
1,Immigration,Immigrant population,Democrat,Change + level,(Intercept),0.06666666666666668,0.08040302522073696,0.8291561975888502,0.4114917104863509,-0.0953749832503907,0.22870831658372406,43.999999999999986,YC,  Diff,More-less,0.06666666666666668,Democrat,Change + level,0.07 (0.08)
1,Immigration,Immigrant population,Democrat,Counterfactual,(Intercept),NA,0.033182249219420805,3.8409385557131817,2.1413996130282013e-4,NA,NA,101.00000000000017,(YC == -1),Less,More-less,0.127450980392157,Democrat,Counterfactual,NA
1,Immigration,Immigrant population,Democrat,Counterfactual,(Intercept),NA,0.042207736591714506,18.11767093199343,1.667355435573727e-33,NA,NA,101.00000000000017,(YC == 0), Same,More-less,0.7647058823529413,Democrat,Counterfactual,NA
1,Immigration,Immigrant population,Democrat,Counterfactual,(Intercept),NA,0.03086428212206017,3.4941080705655367,7.076401854873412e-4,NA,NA,101.00000000000017,(YC == 1), More,More-less,0.10784313725490205,Democrat,Counterfactual,NA
1,Immigration,Immigrant population,Democrat,Counterfactual,(Intercept),-0.01960784313725492,0.04822694392291718,-0.40657444868567294,0.6851808088609241,-0.11527712697494717,0.07606144070043734,101.00000000000017,YC,  Diff,More-less,-0.01960784313725492,Democrat,Counterfactual,-0.02 (0.05)
1,Immigration,Immigrant population,Republican,Change,(Intercept),NA,0.0830589590747107,5.531726674375733,2.9375014367837706e-6,NA,NA,36,(YC == -1),Less,More-less,0.4594594594594595,Republican,Change,NA
1,Immigration,Immigrant population,Republican,Change,(Intercept),NA,0.08256893144064577,5.237229365663818,7.264292460384275e-6,NA,NA,36,(YC == 0), Same,More-less,0.43243243243243246,Republican,Change,NA
1,Immigration,Immigrant population,Republican,Change,(Intercept),NA,0.05175281663547774,2.088931871468374,0.04384514714627481,NA,NA,36,(YC == 1), More,More-less,0.10810810810810811,Republican,Change,NA
1,Immigration,Immigrant population,Republican,Change,(Intercept),-0.35135135135135137,0.11107052257601761,-3.163317712049869,0.0031641874795255154,-0.5766128118735364,-0.12608989082916633,36,YC,  Diff,More-less,-0.35135135135135137,Republican,Change,-0.35 (0.11)
1,Immigration,Immigrant population,Republican,Change + level,(Intercept),NA,0.06742861107915607,4.417595671307132,6.018580315753663e-5,NA,NA,46,(YC == -1),Less,More-less,0.29787234042553196,Republican,Change + level,NA
1,Immigration,Immigrant population,Republican,Change + level,(Intercept),NA,0.07330262843906579,7.546680127869537,1.3884205051970962e-9,NA,NA,46,(YC == 0), Same,More-less,0.5531914893617021,Republican,Change + level,NA
1,Immigration,Immigrant population,Republican,Change + level,(Intercept),NA,0.05249310253140096,2.8372521918222215,0.006746585975576231,NA,NA,46,(YC == 1), More,More-less,0.14893617021276598,Republican,Change + level,NA
1,Immigration,Immigrant population,Republican,Change + level,(Intercept),-0.14893617021276592,0.09607815295267066,-1.5501564677886117,0.12795740113320542,-0.34233146144350446,0.044459121017972614,46,YC,  Diff,More-less,-0.14893617021276592,Republican,Change + level,-0.15 (0.10)
1,Immigration,Immigrant population,Republican,Counterfactual,(Intercept),NA,0.0442287410361896,3.7682887362833553,3.3651084782153145e-4,NA,NA,71.00000000000004,(YC == -1),Less,More-less,0.16666666666666669,Republican,Counterfactual,NA
1,Immigration,Immigrant population,Republican,Counterfactual,(Intercept),NA,0.05594542388644594,11.916375287812986,1.3246343131761198e-18,NA,NA,71.00000000000004,(YC == 0), Same,More-less,0.6666666666666667,Republican,Counterfactual,NA
1,Immigration,Immigrant population,Republican,Counterfactual,(Intercept),NA,0.0442287410361896,3.7682887362833553,3.3651084782153145e-4,NA,NA,71.00000000000004,(YC == 1), More,More-less,0.16666666666666669,Republican,Counterfactual,NA
1,Immigration,Immigrant population,Republican,Counterfactual,(Intercept),-0,0.06851887098275317,-0,1,-0.13662274836833074,0.13662274836833074,71.00000000000004,YC,  Diff,More-less,-0,Republican,Counterfactual,0.00 (0.07)
1,Supports charters,Supports charters,Democrat,Change,(Intercept),NA,0.0687301044560324,6.314005596027508,6.12579752312958e-8,NA,NA,51.999999999999986,(YC == -1),Less,More-less,0.4339622641509438,Democrat,Change,NA
1,Supports charters,Supports charters,Democrat,Change,(Intercept),NA,0.0665026141909069,5.390623667945276,1.731797254672736e-6,NA,NA,51.999999999999986,(YC == 0), Same,More-less,0.3584905660377361,Democrat,Change,NA
1,Supports charters,Supports charters,Democrat,Change,(Intercept),NA,0.05623975840347625,3.6903993847614416,5.369195890767493e-4,NA,NA,51.999999999999986,(YC == 1), More,More-less,0.20754716981132088,Democrat,Change,NA
1,Supports charters,Supports charters,Democrat,Change,(Intercept),-0.2264150943396228,0.10654049780910728,-2.1251552132344966,0.03834452145479624,-0.4402042438779497,-0.012625944801295919,51.999999999999986,YC,  Diff,More-less,-0.2264150943396228,Democrat,Change,-0.23 (0.11)
1,Supports charters,Supports charters,Democrat,Change + level,(Intercept),NA,0.07275304578557182,5.378528742004772,2.583955836054578e-6,NA,NA,45,(YC == -1),Less,More-less,0.39130434782608714,Democrat,Change + level,NA
1,Supports charters,Supports charters,Democrat,Change + level,(Intercept),NA,0.07389883353033024,5.883484054145521,4.648657544324081e-7,NA,NA,45,(YC == 0), Same,More-less,0.43478260869565233,Democrat,Change + level,NA
1,Supports charters,Supports charters,Democrat,Change + level,(Intercept),NA,0.05650315562208097,3.0779350562554626,0.003543638232420411,NA,NA,45,(YC == 1), More,More-less,0.17391304347826095,Democrat,Change + level,NA
1,Supports charters,Supports charters,Democrat,Change + level,(Intercept),-0.21739130434782622,0.10728553926563339,-2.026287101093622,0.04868732926977253,-0.43347547256064756,-0.0013071361350048827,45,YC,  Diff,More-less,-0.21739130434782622,Democrat,Change + level,-0.22 (0.11)
1,Supports charters,Supports charters,Democrat,Counterfactual,(Intercept),NA,0.03916667762822585,4.957651989905305,2.850157159525442e-6,NA,NA,101.99999999999997,(YC == -1),Less,More-less,0.19417475728155348,Democrat,Counterfactual,NA
1,Supports charters,Supports charters,Democrat,Counterfactual,(Intercept),NA,0.046897659372781376,14.077337410584029,1.1950540302607383e-25,NA,NA,101.99999999999997,(YC == 0), Same,More-less,0.660194174757282,Democrat,Counterfactual,NA
1,Supports charters,Supports charters,Democrat,Counterfactual,(Intercept),NA,0.034926064766237955,4.169695868569269,6.413260488494346e-5,NA,NA,101.99999999999997,(YC == 1), More,More-less,0.1456310679611651,Democrat,Counterfactual,NA
1,Supports charters,Supports charters,Democrat,Counterfactual,(Intercept),-0.04854368932038837,0.0575180564547534,-0.8439730462480992,0.40065950158655794,-0.16263048158014376,0.065543102939367,101.99999999999997,YC,  Diff,More-less,-0.04854368932038837,Democrat,Counterfactual,-0.05 (0.06)
1,Supports charters,Supports charters,Republican,Change,(Intercept),NA,0.05697797585888973,2.371708245126284,0.02317486576474054,NA,NA,36,(YC == -1),Less,More-less,0.13513513513513514,Republican,Change,NA
1,Supports charters,Supports charters,Republican,Change,(Intercept),NA,0.07802030664724674,4.156921938165305,1.9022444523318394e-4,NA,NA,36,(YC == 0), Same,More-less,0.32432432432432434,Republican,Change,NA
1,Supports charters,Supports charters,Republican,Change,(Intercept),NA,0.0830589590747107,6.507913734559685,1.4640649499603024e-7,NA,NA,36,(YC == 1), More,More-less,0.5405405405405406,Republican,Change,NA
1,Supports charters,Supports charters,Republican,Change,(Intercept),0.4054054054054055,0.11917798698489147,3.4016802570830453,0.00165410061317341,0.16370124495242086,0.6471095658583901,36,YC,  Diff,More-less,0.4054054054054055,Republican,Change,0.41 (0.12)
1,Supports charters,Supports charters,Republican,Change + level,(Intercept),NA,0.049202908961969306,2.5945533945311605,0.012664811785797462,NA,NA,46,(YC == -1),Less,More-less,0.12765957446808512,Republican,Change + level,NA
1,Supports charters,Supports charters,Republican,Change + level,(Intercept),NA,0.0735706462561835,6.362389488234745,8.272784804641927e-8,NA,NA,46,(YC == 0), Same,More-less,0.4680851063829788,Republican,Change + level,NA
1,Supports charters,Supports charters,Republican,Change + level,(Intercept),NA,0.07235674844413015,5.586974647721762,1.1989029064437032e-6,NA,NA,46,(YC == 1), More,More-less,0.4042553191489362,Republican,Change + level,NA
1,Supports charters,Supports charters,Republican,Change + level,(Intercept),0.27659574468085113,0.09949980201438319,2.779862261845183,0.00785189347171992,0.07631303111274468,0.4768784582489576,46,YC,  Diff,More-less,0.27659574468085113,Republican,Change + level,0.28 (0.10)
1,Supports charters,Supports charters,Republican,Counterfactual,(Intercept),NA,0.04875378197274572,4.4956118955921305,2.596257766667612e-5,NA,NA,72.00000000000004,(YC == -1),Less,More-less,0.2191780821917808,Republican,Counterfactual,NA
1,Supports charters,Supports charters,Republican,Counterfactual,(Intercept),NA,0.057983676252056145,10.158740079360236,1.511577282939177e-15,NA,NA,72.00000000000004,(YC == 0), Same,More-less,0.5890410958904111,Republican,Counterfactual,NA
1,Supports charters,Supports charters,Republican,Counterfactual,(Intercept),NA,0.046398176787446524,4.133369782963031,9.537192419099473e-5,NA,NA,72.00000000000004,(YC == 1), More,More-less,0.1917808219178082,Republican,Counterfactual,NA
1,Supports charters,Supports charters,Republican,Counterfactual,(Intercept),-0.027397260273972608,0.07548070892610292,-0.3629703624113422,0.717690454675738,-0.17786530350396831,0.12307078295602311,72.00000000000004,YC,  Diff,More-less,-0.027397260273972608,Republican,Counterfactual,-0.03 (0.08)
1,Tax cuts,Tax Cuts and Jobs Act,Democrat,Change,(Intercept),NA,0.06918047444081749,8.33939173713854,4.298713708273944e-11,NA,NA,51.000000000000036,(YC == -1),Less,More-less,0.5769230769230773,Democrat,Change,NA
1,Tax cuts,Tax Cuts and Jobs Act,Democrat,Change,(Intercept),NA,0.06462831157052355,4.760952285695233,1.632086523804285e-5,NA,NA,51.000000000000036,(YC == 0), Same,More-less,0.3076923076923078,Democrat,Change,NA
1,Tax cuts,Tax Cuts and Jobs Act,Democrat,Change,(Intercept),NA,0.044736922925984614,2.5791808608632856,0.012830393744503536,NA,NA,51.000000000000036,(YC == 1), More,More-less,0.11538461538461546,Democrat,Change,NA
1,Tax cuts,Tax Cuts and Jobs Act,Democrat,Change,(Intercept),-0.4615384615384619,0.09694246735578534,-4.760952285695235,1.6320865238042705e-5,-0.6561585856563092,-0.26691833742061455,51.000000000000036,YC,  Diff,More-less,-0.4615384615384619,Democrat,Change,-0.46 (0.10)
1,Tax cuts,Tax Cuts and Jobs Act,Democrat,Change + level,(Intercept),NA,0.07106690545187015,4.69041575982343,2.6611170408941532e-5,NA,NA,43.999999999999986,(YC == -1),Less,More-less,0.33333333333333337,Democrat,Change + level,NA
1,Tax cuts,Tax Cuts and Jobs Act,Democrat,Change + level,(Intercept),NA,0.07446027270295803,7.759544207992471,8.955996014940972e-10,NA,NA,43.999999999999986,(YC == 0), Same,More-less,0.577777777777778,Democrat,Change + level,NA
1,Tax cuts,Tax Cuts and Jobs Act,Democrat,Change + level,(Intercept),NA,0.04290254662948546,2.071879081131249,0.04416972927523993,NA,NA,43.999999999999986,(YC == 1), More,More-less,0.08888888888888889,Democrat,Change + level,NA
1,Tax cuts,Tax Cuts and Jobs Act,Democrat,Change + level,(Intercept),-0.2444444444444445,0.09076307015852632,-2.693214806611313,0.009975989337153747,-0.4273653929989028,-0.06152349588998618,43.999999999999986,YC,  Diff,More-less,-0.2444444444444445,Democrat,Change + level,-0.24 (0.09)
1,Tax cuts,Tax Cuts and Jobs Act,Democrat,Counterfactual,(Intercept),NA,0.03086428212206017,3.4941080705655367,7.076401854873412e-4,NA,NA,101.00000000000017,(YC == -1),Less,More-less,0.10784313725490205,Democrat,Counterfactual,NA
1,Tax cuts,Tax Cuts and Jobs Act,Democrat,Counterfactual,(Intercept),NA,0.043364327079931826,17.182280676056042,9.616391765179796e-32,NA,NA,101.00000000000017,(YC == 0), Same,More-less,0.7450980392156864,Democrat,Counterfactual,NA
1,Tax cuts,Tax Cuts and Jobs Act,Democrat,Counterfactual,(Intercept),NA,0.03524068951567451,4.1729837171319355,6.377039734488156e-5,NA,NA,101.00000000000017,(YC == 1), More,More-less,0.14705882352941183,Democrat,Counterfactual,NA
1,Tax cuts,Tax Cuts and Jobs Act,Democrat,Counterfactual,(Intercept),0.03921568627450984,0.05008548046894708,0.7829751438408085,0.43547376493116596,-0.06014043412966794,0.13857180667868763,101.00000000000017,YC,  Diff,More-less,0.03921568627450984,Democrat,Counterfactual,0.04 (0.05)
1,Tax cuts,Tax Cuts and Jobs Act,Republican,Change,(Intercept),NA,0,NA,NA,NA,NA,36,(YC == -1),Less,More-less,-0,Republican,Change,NA
1,Tax cuts,Tax Cuts and Jobs Act,Republican,Change,(Intercept),NA,0.07617808344724218,3.9026618135279443,4.001319114957073e-4,NA,NA,36,(YC == 0), Same,More-less,0.29729729729729726,Republican,Change,NA
1,Tax cuts,Tax Cuts and Jobs Act,Republican,Change,(Intercept),NA,0.07617808344724218,9.224473377429689,5.129915034898273e-11,NA,NA,36,(YC == 1), More,More-less,0.7027027027027027,Republican,Change,NA
1,Tax cuts,Tax Cuts and Jobs Act,Republican,Change,(Intercept),0.7027027027027027,0.07617808344724218,9.224473377429689,5.129915034898273e-11,0.5482063886571626,0.8571990167482428,36,YC,  Diff,More-less,0.7027027027027027,Republican,Change,0.70 (0.08)
1,Tax cuts,Tax Cuts and Jobs Act,Republican,Change + level,(Intercept),NA,0.04546036031565444,2.34012616672488,0.02367092340492711,NA,NA,46,(YC == -1),Less,More-less,0.10638297872340427,Republican,Change + level,NA
1,Tax cuts,Tax Cuts and Jobs Act,Republican,Change + level,(Intercept),NA,0.07235674844413015,8.233436322958386,1.3421711704016446e-10,NA,NA,46,(YC == 0), Same,More-less,0.5957446808510639,Republican,Change + level,NA
1,Tax cuts,Tax Cuts and Jobs Act,Republican,Change + level,(Intercept),NA,0.06742861107915607,4.417595671307132,6.018580315753663e-5,NA,NA,46,(YC == 1), More,More-less,0.29787234042553196,Republican,Change + level,NA
1,Tax cuts,Tax Cuts and Jobs Act,Republican,Change + level,(Intercept),0.19148936170212766,0.08939253245534161,2.1421180991576807,0.03751094675857827,0.011551526546508317,0.371427196857747,46,YC,  Diff,More-less,0.19148936170212766,Republican,Change + level,0.19 (0.09)
1,Tax cuts,Tax Cuts and Jobs Act,Republican,Counterfactual,(Intercept),NA,0.049339226198542856,4.503966505838416,2.5582184641966362e-5,NA,NA,71.00000000000004,(YC == -1),Less,More-less,0.22222222222222227,Republican,Counterfactual,NA
1,Tax cuts,Tax Cuts and Jobs Act,Republican,Counterfactual,(Intercept),NA,0.05897165471491947,9.420721840708389,3.938214929169984e-14,NA,NA,71.00000000000004,(YC == 0), Same,More-less,0.5555555555555557,Republican,Counterfactual,NA
1,Tax cuts,Tax Cuts and Jobs Act,Republican,Counterfactual,(Intercept),NA,0.049339226198542856,4.503966505838416,2.5582184641966362e-5,NA,NA,71.00000000000004,(YC == 1), More,More-less,0.22222222222222227,Republican,Counterfactual,NA
1,Tax cuts,Tax Cuts and Jobs Act,Republican,Counterfactual,(Intercept),-0,0.07911877721292357,-0,1,-0.15775836109576455,0.15775836109576455,71.00000000000004,YC,  Diff,More-less,-0,Republican,Counterfactual,0.00 (0.08)
1,Undisputed accusation,Undisputed accusation,Democrat,Change,(Intercept),NA,0.05425711362124457,14.953260514014998,1.7956852726239635e-20,NA,NA,51.999999999999986,(YC == -1),Less,More-less,0.8113207547169817,Democrat,Change,NA
1,Undisputed accusation,Undisputed accusation,Democrat,Change,(Intercept),NA,0.05206789873629058,3.2613438390276537,0.001960494157189396,NA,NA,51.999999999999986,(YC == 0), Same,More-less,0.16981132075471703,Democrat,Change,NA
1,Undisputed accusation,Undisputed accusation,Democrat,Change,(Intercept),NA,0.018867924528301896,1,0.3219413481728342,NA,NA,51.999999999999986,(YC == 1), More,More-less,0.018867924528301896,Democrat,Change,NA
1,Undisputed accusation,Undisputed accusation,Democrat,Change,(Intercept),-0.7924528301886798,0.06235863877776733,-12.707987950359371,1.4191438310322522e-17,-0.9175845934600826,-0.6673210669172771,51.999999999999986,YC,  Diff,More-less,-0.7924528301886798,Democrat,Change,-0.79 (0.06)
1,Undisputed accusation,Undisputed accusation,Democrat,Change + level,(Intercept),NA,0.06979205927323111,9.870591240071258,9.968843169038261e-13,NA,NA,43.999999999999986,(YC == -1),Less,More-less,0.688888888888889,Democrat,Change + level,NA
1,Undisputed accusation,Undisputed accusation,Democrat,Change + level,(Intercept),NA,0.0683294324254051,4.227883631321943,1.1726783909631484e-4,NA,NA,43.999999999999986,(YC == 0), Same,More-less,0.288888888888889,Democrat,Change + level,NA
1,Undisputed accusation,Undisputed accusation,Democrat,Change + level,(Intercept),NA,0.02222222222222222,1.0000000000000002,0.32277847875430943,NA,NA,43.999999999999986,(YC == 1), More,More-less,0.022222222222222223,Democrat,Change + level,NA
1,Undisputed accusation,Undisputed accusation,Democrat,Change + level,(Intercept),-0.6666666666666667,0.0778498944161523,-8.563488385776754,6.353243163820488e-11,-0.8235628195468507,-0.5097705137864827,43.999999999999986,YC,  Diff,More-less,-0.6666666666666667,Democrat,Change + level,-0.67 (0.08)
1,Undisputed accusation,Undisputed accusation,Democrat,Counterfactual,(Intercept),NA,0.049135952012745045,11.772059945006951,1.175994341070955e-20,NA,NA,101.00000000000017,(YC == -1),Less,More-less,0.5784313725490197,Democrat,Counterfactual,NA
1,Undisputed accusation,Undisputed accusation,Democrat,Counterfactual,(Intercept),NA,0.04655010411319616,6.9501329358571935,3.655121740991366e-10,NA,NA,101.00000000000017,(YC == 0), Same,More-less,0.32352941176470607,Democrat,Counterfactual,NA
1,Undisputed accusation,Undisputed accusation,Democrat,Counterfactual,(Intercept),NA,0.029589188531613266,3.313345872311736,0.001280387887085315,NA,NA,101.00000000000017,(YC == 1), More,More-less,0.09803921568627458,Democrat,Counterfactual,NA
1,Undisputed accusation,Undisputed accusation,Democrat,Counterfactual,(Intercept),-0.4803921568627452,0.06642899610386171,-7.231663656510062,9.401971439670134e-11,-0.6121694159291928,-0.3486148977962976,101.00000000000017,YC,  Diff,More-less,-0.4803921568627452,Democrat,Counterfactual,-0.48 (0.07)
1,Undisputed accusation,Undisputed accusation,Republican,Change,(Intercept),NA,0.07401656182502245,9.85900603509299,9.066117299901288e-12,NA,NA,36,(YC == -1),Less,More-less,0.7297297297297298,Republican,Change,NA
1,Undisputed accusation,Undisputed accusation,Republican,Change,(Intercept),NA,0.06861056852129647,3.1513543886333415,0.003267184500326198,NA,NA,36,(YC == 0), Same,More-less,0.21621621621621623,Republican,Change,NA
1,Undisputed accusation,Undisputed accusation,Republican,Change,(Intercept),NA,0.03768738858261603,1.434274331201272,0.16012407999051015,NA,NA,36,(YC == 1), More,More-less,0.05405405405405406,Republican,Change,NA
1,Undisputed accusation,Undisputed accusation,Republican,Change,(Intercept),-0.6756756756756758,0.0953423895879132,-7.0868338689230095,2.5263072841566626e-8,-0.8690390040380636,-0.482312347313288,36,YC,  Diff,More-less,-0.6756756756756758,Republican,Change,-0.68 (0.10)
1,Undisputed accusation,Undisputed accusation,Republican,Change + level,(Intercept),NA,0.0716734777251339,8.608781046763307,3.807285680412054e-11,NA,NA,46,(YC == -1),Less,More-less,0.6170212765957447,Republican,Change + level,NA
1,Undisputed accusation,Undisputed accusation,Republican,Change + level,(Intercept),NA,0.06742861107915606,4.417595671307133,6.018580315753663e-5,NA,NA,46,(YC == 0), Same,More-less,0.29787234042553196,Republican,Change + level,NA
1,Undisputed accusation,Undisputed accusation,Republican,Change + level,(Intercept),NA,0.041142194186747624,2.0685912519011236,0.04423197766023922,NA,NA,46,(YC == 1), More,More-less,0.0851063829787234,Republican,Change + level,NA
1,Undisputed accusation,Undisputed accusation,Republican,Change + level,(Intercept),-0.5319148936170213,0.09546160228786518,-5.572029809567074,1.2618631415046565e-6,-0.724069132728062,-0.33976065450598053,46,YC,  Diff,More-less,-0.5319148936170213,Republican,Change + level,-0.53 (0.10)
1,Undisputed accusation,Undisputed accusation,Republican,Counterfactual,(Intercept),NA,0.05850912479161746,9.969954864491616,3.891984611382388e-15,NA,NA,71.00000000000004,(YC == -1),Less,More-less,0.5833333333333335,Republican,Counterfactual,NA
1,Undisputed accusation,Undisputed accusation,Republican,Counterfactual,(Intercept),NA,0.05700381461700858,6.334858702655389,1.8992938965820017e-8,NA,NA,71.00000000000004,(YC == 0), Same,More-less,0.36111111111111127,Republican,Counterfactual,NA
1,Undisputed accusation,Undisputed accusation,Republican,Counterfactual,(Intercept),NA,0.027184589618216293,2.0436415018870835,0.04470044165626908,NA,NA,71.00000000000004,(YC == 1), More,More-less,0.055555555555555566,Republican,Counterfactual,NA
1,Undisputed accusation,Undisputed accusation,Republican,Counterfactual,(Intercept),-0.527777777777778,0.07124046822062244,-7.408398498214794,2.0812541382574002e-10,-0.6698272369085052,-0.3857283186470508,71.00000000000004,YC,  Diff,More-less,-0.527777777777778,Republican,Counterfactual,-0.53 (0.07)
1,Blocked whistleblower,Blocked whistleblower,Democrat,Counterfactual,(Intercept),-0.8834951456310685,0.18163385372689045,-4.864154602806124,4.190477145391414e-6,-1.2437650332928591,-0.5232252579692778,102,tau_i_tilde,NA,CATE,NA,Democrat,Counterfactual,-0.88 (0.18)
1,Blocked whistleblower,Blocked whistleblower,Democrat,Diff. in means,Z_labelTreatment,-0.9468412942989205,0.32674201553070387,-2.897825346278266,0.004608634323554156,-1.5950095604753798,-0.2986730281224612,101,Y,NA,CATE,NA,Democrat,Diff. in means,-0.95 (0.33)
1,Blocked whistleblower,Blocked whistleblower,Republican,Counterfactual,(Intercept),-0.3013698630136987,0.17737830684525147,-1.6990232254083928,0.09363212810586669,-0.6549670552258776,0.052227329198480166,72,tau_i_tilde,NA,CATE,NA,Republican,Counterfactual,-0.30 (0.18)
1,Blocked whistleblower,Blocked whistleblower,Republican,Diff. in means,Z_labelTreatment,-0.37019969278033826,0.40894714108764546,-0.9052507172338861,0.36839426875295544,-1.1856171325514784,0.44521774699080174,71,Y,NA,CATE,NA,Republican,Diff. in means,-0.37 (0.41)
1,Death penalty,Death penalty,Democrat,Counterfactual,(Intercept),0.058823529411764754,0.0932840192804162,0.630585279938876,0.5297359844493392,-0.12622687171510533,0.24387393053863482,101,tau_i_tilde,NA,CATE,NA,Democrat,Counterfactual,0.06 (0.09)
1,Death penalty,Death penalty,Democrat,Diff. in means,Z_labelTreatment,0.8529759558533713,0.3851428900891419,2.214699992659734,0.029050574954355684,0.08886343135466712,1.6170884803520753,100,Y,NA,CATE,NA,Democrat,Diff. in means,0.85 (0.39)
1,Death penalty,Death penalty,Republican,Counterfactual,(Intercept),-0.22222222222222227,0.12852574171785397,-1.7290094517412349,0.08815354831875294,-0.478495272517977,0.03405082807353249,71,tau_i_tilde,NA,CATE,NA,Republican,Counterfactual,-0.22 (0.13)
1,Death penalty,Death penalty,Republican,Diff. in means,Z_labelTreatment,-0.315499606608969,0.3953725338621082,-0.7979805868836705,0.4275805991023862,-1.1040452611185676,0.4730460479006296,70,Y,NA,CATE,NA,Republican,Diff. in means,-0.32 (0.40)
1,Disputed accusation,Disputed accusation,Democrat,Counterfactual,(Intercept),-0.4854368932038838,0.11112158390543303,-4.36852028330519,3.012608976675566e-5,-0.7058460280043073,-0.2650277584034602,102,tau_i_tilde,NA,CATE,NA,Democrat,Counterfactual,-0.49 (0.11)
1,Disputed accusation,Disputed accusation,Democrat,Diff. in means,Z_labelTreatment,0.020801232665639845,0.31859922512225275,0.0652896524078425,0.9480724371180564,-0.6112139277270054,0.6528163930582851,101,Y,NA,CATE,NA,Democrat,Diff. in means,0.02 (0.32)
1,Disputed accusation,Disputed accusation,Republican,Counterfactual,(Intercept),-1.0684931506849313,0.16930420677134625,-6.311084473689331,2.003536255919906e-8,-1.4059949185661984,-0.7309913828036644,72,tau_i_tilde,NA,CATE,NA,Republican,Counterfactual,-1.07 (0.17)
1,Disputed accusation,Disputed accusation,Republican,Diff. in means,Z_labelTreatment,-2.013056835637482,0.3263180509166469,-6.169002388873938,3.7665020804425754e-8,-2.663716549071041,-1.3623971222039228,71,Y,NA,CATE,NA,Republican,Diff. in means,-2.01 (0.33)
1,Endorsed Trump,Endorsed Trump,Democrat,Counterfactual,(Intercept),-0.8834951456310685,0.16167136447774907,-5.464759628181801,3.2963968347965866e-7,-1.2041695305180748,-0.5628207607440621,102,tau_i_tilde,NA,CATE,NA,Democrat,Counterfactual,-0.88 (0.16)
1,Endorsed Trump,Endorsed Trump,Democrat,Diff. in means,Z_labelTreatment,-0.41024653312788856,0.3869145642058781,-1.0603026380511111,0.29153594540900607,-1.1777809496381462,0.3572878833823691,101,Y,NA,CATE,NA,Democrat,Diff. in means,-0.41 (0.39)
1,Endorsed Trump,Endorsed Trump,Republican,Counterfactual,(Intercept),-0.08219178082191782,0.12143457668467764,-0.6768400159646507,0.5006762754494585,-0.32426718517582986,0.15988362353199426,72,tau_i_tilde,NA,CATE,NA,Republican,Counterfactual,-0.08 (0.12)
1,Endorsed Trump,Endorsed Trump,Republican,Diff. in means,Z_labelTreatment,-0.9662058371735797,0.25569694456777403,-3.7787148329317675,3.250077790261032e-4,-1.4760510639728832,-0.4563606103742761,71,Y,NA,CATE,NA,Republican,Diff. in means,-0.97 (0.26)
1,Immigration,Immigrant population,Democrat,Counterfactual,(Intercept),-0.029411764705882387,0.10561399587012081,-0.2784835898269734,0.7812105111603576,-0.23892152265946634,0.18009799324770157,101,tau_i_tilde,NA,CATE,NA,Democrat,Counterfactual,-0.03 (0.11)
1,Immigration,Immigrant population,Democrat,Diff. in means,Z_labelTreatment,-0.5029562475364598,0.3332497511707416,-1.5092471810392096,0.13438882740269587,-1.1641142624142717,0.15820176734135216,100,Y,NA,CATE,NA,Democrat,Diff. in means,-0.50 (0.33)
1,Immigration,Immigrant population,Republican,Counterfactual,(Intercept),0.013888888888888881,0.15884591548176752,0.087436235591988265,0.9305709054723007,-0.3028408707953482,0.330618648573126,71,tau_i_tilde,NA,CATE,NA,Republican,Counterfactual,0.01 (0.16)
1,Immigration,Immigrant population,Republican,Diff. in means,Z_labelTreatment,0.3713611329661684,0.4088091628418061,0.9083972834284816,0.36678527510202885,-0.4439830330376398,1.1867052989699767,70,Y,NA,CATE,NA,Republican,Diff. in means,0.37 (0.41)
1,Supports charters,Supports charters,Democrat,Counterfactual,(Intercept),-0.05825242718446605,0.08707139756011667,-0.669019090272978,0.5049947195626123,-0.2309581314014009,0.1144532770324688,102,tau_i_tilde,NA,CATE,NA,Democrat,Counterfactual,-0.06 (0.09)
1,Supports charters,Supports charters,Democrat,Diff. in means,Z_labelTreatment,0.009244992295840275,0.363240960049823,0.025451403648344643,0.9797451289840189,-0.7113273616983521,0.7298173462900327,101,Y,NA,CATE,NA,Democrat,Diff. in means,0.01 (0.36)
1,Supports charters,Supports charters,Republican,Counterfactual,(Intercept),-0.12328767123287672,0.13785871360228796,-0.8943045238950393,0.3741387778433307,-0.3981039941459112,0.15152865168015778,72,tau_i_tilde,NA,CATE,NA,Republican,Counterfactual,-0.12 (0.14)
1,Supports charters,Supports charters,Republican,Diff. in means,Z_labelTreatment,-1.0092165898617522,0.3779876319714967,-2.669972518936427,0.009396499173503884,-1.762902521758991,-0.25553065796451324,71,Y,NA,CATE,NA,Republican,Diff. in means,-1.01 (0.38)
1,Tax cuts,Tax Cuts and Jobs Act,Democrat,Counterfactual,(Intercept),0.10784313725490205,0.09843155817790673,1.0956154636908693,0.27585277118083956,-0.08741859637183994,0.30310487088164406,101,tau_i_tilde,NA,CATE,NA,Democrat,Counterfactual,0.11 (0.10)
1,Tax cuts,Tax Cuts and Jobs Act,Democrat,Diff. in means,Z_labelTreatment,0.34923137564052115,0.3880222875501674,0.9000291654519176,0.3702670439540332,-0.4205937914113666,1.1190565426924088,100,Y,NA,CATE,NA,Democrat,Diff. in means,0.35 (0.39)
1,Tax cuts,Tax Cuts and Jobs Act,Republican,Counterfactual,(Intercept),1.0969560184091465e-17,0.11533444597688497,9.51108759501906e-17,1,-0.22997035363975937,0.22997035363975937,71,tau_i_tilde,NA,CATE,NA,Republican,Counterfactual,0.00 (0.12)
1,Tax cuts,Tax Cuts and Jobs Act,Republican,Diff. in means,Z_labelTreatment,-0.4201416207710458,0.36020103824910693,-1.1664086889180072,0.247407805873401,-1.138539939153577,0.29825669761148554,70,Y,NA,CATE,NA,Republican,Diff. in means,-0.42 (0.36)
1,Undisputed accusation,Undisputed accusation,Democrat,Counterfactual,(Intercept),-1.3529411764705894,0.18094376006551108,-7.477136409571428,2.842422572413853e-11,-1.7118849231039042,-0.9939974298372747,101,tau_i_tilde,NA,CATE,NA,Democrat,Counterfactual,-1.35 (0.18)
1,Undisputed accusation,Undisputed accusation,Democrat,Diff. in means,Z_labelTreatment,-1.3646038628301131,0.39019325288573153,-3.497251304931556,7.028464738233128e-4,-2.1387361632754622,-0.5904715623847642,100,Y,NA,CATE,NA,Democrat,Diff. in means,-1.36 (0.39)
1,Undisputed accusation,Undisputed accusation,Republican,Counterfactual,(Intercept),-1.1250000000000002,0.18442642548256322,-6.099993518045842,5.0011216354254424e-8,-1.4927358479464325,-0.7572641520535679,71,tau_i_tilde,NA,CATE,NA,Republican,Counterfactual,-1.13 (0.18)
1,Undisputed accusation,Undisputed accusation,Republican,Diff. in means,Z_labelTreatment,-1.192761605035405,0.34838045727483175,-3.4237328189005005,0.0010361782817485492,-1.8875845180401456,-0.49793869203066454,70,Y,NA,CATE,NA,Republican,Diff. in means,-1.19 (0.35)
3,Mueller comments,Mueller comments,Democrat,Change,(Intercept),NA,0.019197920533495543,5.2902865090413815,3.157007168237276e-7,NA,NA,202.55809139375853,(YC == -1),Less,More-less,0.1015625,Democrat,Change,NA
3,Mueller comments,Mueller comments,Democrat,Change,(Intercept),NA,0.031042802239337475,10.192580153058787,5.867460487163563e-20,NA,NA,202.55809139375853,(YC == 0), Same,More-less,0.31640625,Democrat,Change,NA
3,Mueller comments,Mueller comments,Democrat,Change,(Intercept),NA,0.03377483001473099,17.232692207367,1.437364860802542e-41,NA,NA,202.55809139375853,(YC == 1), More,More-less,0.5820312499999998,Democrat,Change,NA
3,Mueller comments,Mueller comments,Democrat,Change,(Intercept),0.48046875,0.04533147934711758,10.599008832711982,3.640885606722801e-21,0.39108664837338636,0.5698508516266136,202.55809139375853,YC,  Diff,More-less,0.48046875,Democrat,Change,0.48 (0.05)
3,Mueller comments,Mueller comments,Democrat,Change + level,(Intercept),NA,0.022432090157564102,5.758119986117828,2.8564118031801152e-8,NA,NA,218.84963904409565,(YC == -1),Less,More-less,0.12916666666666687,Democrat,Change + level,NA
3,Mueller comments,Mueller comments,Democrat,Change + level,(Intercept),NA,0.03353796462003003,13.417629993301533,2.3703340435813973e-30,NA,NA,218.84963904409565,(YC == 0), Same,More-less,0.4500000000000006,Democrat,Change + level,NA
3,Mueller comments,Mueller comments,Democrat,Change + level,(Intercept),NA,0.033583739357391555,12.530865870977268,1.640332121671062e-27,NA,NA,218.84963904409565,(YC == 1), More,More-less,0.4208333333333339,Democrat,Change + level,NA
3,Mueller comments,Mueller comments,Democrat,Change + level,(Intercept),0.29166666666666713,0.04623134613301028,6.308850835264997,1.5372432782674025e-9,0.2005510221769395,0.38278231115639477,218.84963904409565,YC,  Diff,More-less,0.29166666666666713,Democrat,Change + level,0.29 (0.05)
3,Mueller comments,Mueller comments,Republican,Change,(Intercept),NA,0.0396377960915718,8.409482014672605,4.015867092916776e-14,NA,NA,141.54662528189283,(YC == -1),Less,More-less,0.33333333333333315,Republican,Change,NA
3,Mueller comments,Mueller comments,Republican,Change,(Intercept),NA,0.041976638415321926,12.9040029672541,1.1326831112721711e-25,NA,NA,141.54662528189283,(YC == 0), Same,More-less,0.5416666666666665,Republican,Change,NA
3,Mueller comments,Mueller comments,Republican,Change,(Intercept),NA,0.028882088280577665,4.327941898995533,2.8283079433378546e-5,NA,NA,141.54662528189283,(YC == 1), More,More-less,0.12499999999999993,Republican,Change,NA
3,Mueller comments,Mueller comments,Republican,Change,(Intercept),-0.20833333333333326,0.055214324520341,-3.7731754421188852,2.362758062655653e-4,-0.3174846216292772,-0.09918204503738931,141.54662528189283,YC,  Diff,More-less,-0.20833333333333326,Republican,Change,-0.21 (0.06)
3,Mueller comments,Mueller comments,Republican,Change + level,(Intercept),NA,0.0371166277537416,7.511131685711265,5.150554109195673e-12,NA,NA,147.77141869282033,(YC == -1),Less,More-less,0.2787878787878787,Republican,Change + level,NA
3,Mueller comments,Mueller comments,Republican,Change + level,(Intercept),NA,0.040872518500819716,14.383228864817754,6.90992981146076e-30,NA,NA,147.77141869282033,(YC == 0), Same,More-less,0.5878787878787878,Republican,Change + level,NA
3,Mueller comments,Mueller comments,Republican,Change + level,(Intercept),NA,0.029684582798421427,4.4916694379286906,1.4152744405302986e-5,NA,NA,147.77141869282033,(YC == 1), More,More-less,0.13333333333333325,Republican,Change + level,NA
3,Mueller comments,Mueller comments,Republican,Change + level,(Intercept),-0.14545454545454536,0.05335798211001301,-2.7260128607309113,0.007185738788077767,-0.2508977985771518,-0.04001129233193898,147.77141869282033,YC,  Diff,More-less,-0.14545454545454536,Republican,Change + level,-0.15 (0.05)
2a,Biden / Hill,Biden skeptical of Anita Hill,Democrat,Change,(Intercept),NA,0.023606265622635524,10.335218094831337,6.945773741843469e-22,NA,NA,330.999999999998,(YC == -1),Less,More-less,0.2439759036144576,Democrat,Change,NA
2a,Biden / Hill,Biden skeptical of Anita Hill,Democrat,Change,(Intercept),NA,0.02654444309200996,23.71562553062734,2.357071947313569e-73,NA,NA,330.999999999998,(YC == 0), Same,More-less,0.6295180722891559,Democrat,Change,NA
2a,Biden / Hill,Biden skeptical of Anita Hill,Democrat,Change,(Intercept),NA,0.018271388986048284,6.923722339499379,2.293905785862895e-11,NA,NA,330.999999999998,(YC == 1), More,More-less,0.12650602409638542,Democrat,Change,NA
2a,Biden / Hill,Biden skeptical of Anita Hill,Democrat,Change,(Intercept),-0.11746987951807217,0.032826687392834286,-3.578487165406601,3.9723238491346825e-4,-0.18204512083158642,-0.05289463820455792,330.999999999998,YC,  Diff,More-less,-0.11746987951807217,Democrat,Change,-0.12 (0.03)
2a,Biden / Hill,Biden skeptical of Anita Hill,Democrat,Counterfactual,(Intercept),NA,0.016112405764872578,14.69233343121968,9.19626728483205e-43,NA,NA,696.000000000006,(YC == -1),Less,More-less,0.23672883787661408,Democrat,Counterfactual,NA
2a,Biden / Hill,Biden skeptical of Anita Hill,Democrat,Counterfactual,(Intercept),NA,0.017367833865234807,40.3126536939321,3.33826372743314e-184,NA,NA,696.000000000006,(YC == 0), Same,More-less,0.7001434720229569,Democrat,Counterfactual,NA
2a,Biden / Hill,Biden skeptical of Anita Hill,Democrat,Counterfactual,(Intercept),NA,0.009218187361012023,6.848167392152026,1.6457370565518464e-11,NA,NA,696.000000000006,(YC == 1), More,More-less,0.06312769010043047,Democrat,Counterfactual,NA
2a,Biden / Hill,Biden skeptical of Anita Hill,Democrat,Counterfactual,(Intercept),-0.17360114777618374,0.019685719248705248,-8.818633730520244,9.23406945945491e-18,-0.2122516608713927,-0.1349506346809748,696.000000000006,YC,  Diff,More-less,-0.17360114777618374,Democrat,Counterfactual,-0.17 (0.02)
2a,Biden / Hill,Biden skeptical of Anita Hill,Republican,Change,(Intercept),NA,0.022206563517220185,10.14799577166932,2.080040726966237e-21,NA,NA,353.99999999999994,(YC == -1),Less,More-less,0.22535211267605665,Republican,Change,NA
2a,Biden / Hill,Biden skeptical of Anita Hill,Republican,Change,(Intercept),NA,0.024516068066245855,28.26545205399186,8.71587748038842e-93,NA,NA,353.99999999999994,(YC == 0), Same,More-less,0.6929577464788732,Republican,Change,NA
2a,Biden / Hill,Biden skeptical of Anita Hill,Republican,Change,(Intercept),NA,0.014557198865028867,5.611666200515875,4.0491948579841664e-8,NA,NA,353.99999999999994,(YC == 1), More,More-less,0.08169014084507054,Republican,Change,NA
2a,Biden / Hill,Biden skeptical of Anita Hill,Republican,Change,(Intercept),-0.1436619718309861,0.028443793886397548,-5.050731713384003,7.062204115311107e-7,-0.19960203699690252,-0.08772190666506971,353.99999999999994,YC,  Diff,More-less,-0.1436619718309861,Republican,Change,-0.14 (0.03)
2a,Biden / Hill,Biden skeptical of Anita Hill,Republican,Counterfactual,(Intercept),NA,0.010770532481695606,8.17258461201267,1.4374188443971874e-15,NA,NA,691.9999999999987,(YC == -1),Less,More-less,0.08802308802308816,Republican,Counterfactual,NA
2a,Biden / Hill,Biden skeptical of Anita Hill,Republican,Counterfactual,(Intercept),NA,0.015139495301575996,52.99442196235466,8.730162729711316e-246,NA,NA,691.9999999999987,(YC == 0), Same,More-less,0.8023088023088041,Republican,Counterfactual,NA
2a,Biden / Hill,Biden skeptical of Anita Hill,Republican,Counterfactual,(Intercept),NA,0.011878540870933919,9.232456314265093,3.174807114304055e-19,NA,NA,691.9999999999987,(YC == 1), More,More-less,0.10966810966810983,Republican,Counterfactual,NA
2a,Biden / Hill,Biden skeptical of Anita Hill,Republican,Counterfactual,(Intercept),0.021645021645021686,0.016882058178343446,1.282131681834164,0.20022581424099117,-0.011501178023911953,0.05479122131395532,691.9999999999987,YC,  Diff,More-less,0.021645021645021686,Republican,Counterfactual,0.02 (0.02)
2a,DREAM Act,DREAM Act helps economy,Democrat,Change,(Intercept),NA,0.014767103086902699,5.303223831457236,2.085130667013814e-7,NA,NA,330.999999999998,(YC == -1),Less,More-less,0.07831325301204811,Democrat,Change,NA
2a,DREAM Act,DREAM Act helps economy,Democrat,Change,(Intercept),NA,0.027143294053829585,15.535577448767924,2.9203364996651494e-41,NA,NA,330.999999999998,(YC == 0), Same,More-less,0.4216867469879514,Democrat,Change,NA
2a,DREAM Act,DREAM Act helps economy,Democrat,Change,(Intercept),NA,0.027482485496465602,18.193405398660257,9.342307497233701e-52,NA,NA,330.999999999998,(YC == 1), More,More-less,0.4999999999999995,Democrat,Change,NA
2a,DREAM Act,DREAM Act helps economy,Democrat,Change,(Intercept),0.4216867469879514,0.03478433948190835,12.122890739589133,3.0651902405504897e-28,0.35326049705614265,0.4901129969197601,330.999999999998,YC,  Diff,More-less,0.4216867469879514,Democrat,Change,0.42 (0.03)
2a,DREAM Act,DREAM Act helps economy,Democrat,Counterfactual,(Intercept),NA,0.009410918496637633,7.012825643227134,5.539807621256863e-12,NA,NA,696.000000000006,(YC == -1),Less,More-less,0.06599713055954094,Democrat,Counterfactual,NA
2a,DREAM Act,DREAM Act helps economy,Democrat,Counterfactual,(Intercept),NA,0.014310049357151407,57.849805531220326,4.280016763290358e-268,NA,NA,696.000000000006,(YC == 0), Same,More-less,0.8278335724533734,Democrat,Counterfactual,NA
2a,DREAM Act,DREAM Act helps economy,Democrat,Counterfactual,(Intercept),NA,0.01167676353096105,9.092356516904594,9.982148294757049e-19,NA,NA,696.000000000006,(YC == 1), More,More-less,0.1061692969870876,Democrat,Counterfactual,NA
2a,DREAM Act,DREAM Act helps economy,Democrat,Counterfactual,(Intercept),0.04017216642754665,0.01565397311907002,2.5662600875817287,0.010488268701587497,0.009437496010540749,0.07090683684455255,696.000000000006,YC,  Diff,More-less,0.04017216642754665,Democrat,Counterfactual,0.04 (0.02)
2a,DREAM Act,DREAM Act helps economy,Republican,Change,(Intercept),NA,0.02337018422284284,11.209660501086482,3.6605199762161725e-25,NA,NA,353.99999999999994,(YC == -1),Less,More-less,0.26197183098591587,Republican,Change,NA
2a,DREAM Act,DREAM Act helps economy,Republican,Change,(Intercept),NA,0.026572064185904784,19.081778892815155,2.516214572891909e-56,NA,NA,353.99999999999994,(YC == 0), Same,More-less,0.5070422535211274,Republican,Change,NA
2a,DREAM Act,DREAM Act helps economy,Republican,Change,(Intercept),NA,0.022400528541032746,10.311627918503959,5.645960362874604e-22,NA,NA,353.99999999999994,(YC == 1), More,More-less,0.23098591549295802,Republican,Change,NA
2a,DREAM Act,DREAM Act helps economy,Republican,Change,(Intercept),-0.030985915492957802,0.037280340448480706,-0.8311596707594063,0.4064436852634621,-0.10430470982907045,0.04233287884315484,353.99999999999994,YC,  Diff,More-less,-0.030985915492957802,Republican,Change,-0.03 (0.04)
2a,DREAM Act,DREAM Act helps economy,Republican,Counterfactual,(Intercept),NA,0.011413455370842505,8.748908981131791,1.6403798812037435e-17,NA,NA,690.0000000000019,(YC == -1),Less,More-less,0.09985528219971088,Republican,Counterfactual,NA
2a,DREAM Act,DREAM Act helps economy,Republican,Counterfactual,(Intercept),NA,0.016230513171684807,46.90028106137916,8.983427716111685e-217,NA,NA,690.0000000000019,(YC == 0), Same,More-less,0.7612156295224339,Republican,Counterfactual,NA
2a,DREAM Act,DREAM Act helps economy,Republican,Counterfactual,(Intercept),NA,0.013167141619106168,10.551195718611071,3.1302703047162417e-24,NA,NA,690.0000000000019,(YC == 1), More,More-less,0.13892908827785863,Republican,Counterfactual,NA
2a,DREAM Act,DREAM Act helps economy,Republican,Counterfactual,(Intercept),0.039073806078147734,0.018543236125967533,2.107172977397923,0.03546287546434242,0.0026658680162234896,0.07548174414007197,690.0000000000019,YC,  Diff,More-less,0.039073806078147734,Republican,Counterfactual,0.04 (0.02)
2a,Obama Torture,Obama torture exec. order,Democrat,Change,(Intercept),NA,0.014503977303466198,5.191762455480494,3.64405099786305e-7,NA,NA,330.999999999998,(YC == -1),Less,More-less,0.07530120481927702,Democrat,Change,NA
2a,Obama Torture,Obama torture exec. order,Democrat,Change,(Intercept),NA,0.02748049075971854,17.97551244385115,6.821069788037142e-51,NA,NA,330.999999999998,(YC == 0), Same,More-less,0.49397590361445726,Democrat,Change,NA
2a,Obama Torture,Obama torture exec. order,Democrat,Change,(Intercept),NA,0.027217412802446727,15.825269458658632,2.132886542799727e-42,NA,NA,330.999999999998,(YC == 1), More,More-less,0.43072289156626464,Democrat,Change,NA
2a,Obama Torture,Obama torture exec. order,Democrat,Change,(Intercept),0.3554216867469876,0.03386928493726334,10.493923547702328,1.9778745199746977e-22,0.2887954925846921,0.4220478809092831,330.999999999998,YC,  Diff,More-less,0.3554216867469876,Democrat,Change,0.36 (0.03)
2a,Obama Torture,Obama torture exec. order,Democrat,Counterfactual,(Intercept),NA,0.010868697605668437,8.316302260064678,4.769023847104287e-16,NA,NA,696.000000000006,(YC == -1),Less,More-less,0.09038737446197997,Democrat,Counterfactual,NA
2a,Obama Torture,Obama torture exec. order,Democrat,Counterfactual,(Intercept),NA,0.01676600241090389,43.72789764278713,7.81910440318231e-202,NA,NA,696.000000000006,(YC == 0), Same,More-less,0.7331420373027274,Democrat,Counterfactual,NA
2a,Obama Torture,Obama torture exec. order,Democrat,Counterfactual,(Intercept),NA,0.014450108365897564,12.212405870378594,3.240546916084344e-31,NA,NA,696.000000000006,(YC == 1), More,More-less,0.17647058823529424,Democrat,Counterfactual,NA
2a,Obama Torture,Obama torture exec. order,Democrat,Counterfactual,(Intercept),0.08608321377331427,0.019307242216765597,4.4585970801445285,9.614892231103761e-6,0.04817579425240696,0.12399063329422158,696.000000000006,YC,  Diff,More-less,0.08608321377331427,Democrat,Counterfactual,0.09 (0.02)
2a,Obama Torture,Obama torture exec. order,Republican,Change,(Intercept),NA,0.02038061280344534,8.82089673321722,5.2101746370627955e-17,NA,NA,355.0000000000011,(YC == -1),Less,More-less,0.17977528089887607,Republican,Change,NA
2a,Obama Torture,Obama torture exec. order,Republican,Change,(Intercept),NA,0.02551194730772722,24.99379768023702,2.956939528469728e-80,NA,NA,355.0000000000011,(YC == 0), Same,More-less,0.6376404494382016,Republican,Change,NA
2a,Obama Torture,Obama torture exec. order,Republican,Change,(Intercept),NA,0.020504019127456318,8.904803908343407,2.8127627635457016e-17,NA,NA,355.0000000000011,(YC == 1), More,More-less,0.182584269662921,Republican,Change,NA
2a,Obama Torture,Obama torture exec. order,Republican,Change,(Intercept),0.0028089887640449303,0.03194853520607573,0.08792230210012063,0.9299880056723541,-0.06002320157956808,0.06564117910765795,355.0000000000011,YC,  Diff,More-less,0.0028089887640449303,Republican,Change,0.00 (0.03)
2a,Obama Torture,Obama torture exec. order,Republican,Counterfactual,(Intercept),NA,0.01314963288504789,10.549976939444894,3.148335534185281e-24,NA,NA,690.9999999999985,(YC == -1),Less,More-less,0.13872832369942148,Republican,Counterfactual,NA
2a,Obama Torture,Obama torture exec. order,Republican,Counterfactual,(Intercept),NA,0.01716684928891068,41.66856171663461,1.0863526075671638e-190,NA,NA,690.9999999999985,(YC == 0), Same,More-less,0.7153179190751398,Republican,Counterfactual,NA
2a,Obama Torture,Obama torture exec. order,Republican,Counterfactual,(Intercept),NA,0.013431029691640565,10.866907495281184,1.671715447563137e-25,NA,NA,690.9999999999985,(YC == 1), More,More-less,0.145953757225433,Republican,Counterfactual,NA
2a,Obama Torture,Obama torture exec. order,Republican,Counterfactual,(Intercept),0.007225433526011531,0.020295568301241403,0.35601040674330753,0.7219414344111967,-0.03262294620925762,0.04707381326128068,690.9999999999985,YC,  Diff,More-less,0.007225433526011531,Republican,Counterfactual,0.01 (0.02)
2a,Trump Coal,Trump coal ash exec. order,Democrat,Change,(Intercept),NA,0.02499583894214362,11.688692480978947,1.1726140093122713e-26,NA,NA,330.999999999998,(YC == -1),Less,More-less,0.2921686746987949,Democrat,Change,NA
2a,Trump Coal,Trump coal ash exec. order,Democrat,Change,(Intercept),NA,0.026999014786922227,15.060790522662238,2.0942325545839255e-39,NA,NA,330.999999999998,(YC == 0), Same,More-less,0.4066265060240959,Democrat,Change,NA
2a,Trump Coal,Trump coal ash exec. order,Democrat,Change,(Intercept),NA,0.02521691252123826,11.94455582234449,1.3778459075089232e-27,NA,NA,330.999999999998,(YC == 1), More,More-less,0.3012048192771081,Democrat,Change,NA
2a,Trump Coal,Trump coal ash exec. order,Democrat,Change,(Intercept),0.009036144578313234,0.042337010801263376,0.21343369329332967,0.8311201036837774,-0.07424739409459069,0.09231968325121714,330.999999999998,YC,  Diff,More-less,0.009036144578313234,Democrat,Change,0.01 (0.04)
2a,Trump Coal,Trump coal ash exec. order,Democrat,Counterfactual,(Intercept),NA,0.013833920175203593,11.478907009051406,4.638308103746313e-28,NA,NA,698.0000000000027,(YC == -1),Less,More-less,0.15879828326180218,Democrat,Counterfactual,NA
2a,Trump Coal,Trump coal ash exec. order,Democrat,Counterfactual,(Intercept),NA,0.016755249402124077,43.71614809516136,4.982191871752404e-202,NA,NA,698.0000000000027,(YC == 0), Same,More-less,0.73247496423462,Democrat,Counterfactual,NA
2a,Trump Coal,Trump coal ash exec. order,Democrat,Counterfactual,(Intercept),NA,0.011782730174425916,9.227636625301379,3.2399419621117033e-19,NA,NA,698.0000000000027,(YC == 1), More,More-less,0.10872675250357629,Democrat,Counterfactual,NA
2a,Trump Coal,Trump coal ash exec. order,Democrat,Counterfactual,(Intercept),-0.05007153075822591,0.019485424630402197,-2.5696915365191293,0.010385348734391635,-0.0883285988040919,-0.011814462712359919,698.0000000000027,YC,  Diff,More-less,-0.05007153075822591,Democrat,Counterfactual,-0.05 (0.02)
2a,Trump Coal,Trump coal ash exec. order,Republican,Change,(Intercept),NA,0.016576687873828575,6.6087123454084,1.4222449909605218e-10,NA,NA,355.0000000000011,(YC == -1),Less,More-less,0.10955056179775263,Republican,Change,NA
2a,Trump Coal,Trump coal ash exec. order,Republican,Change,(Intercept),NA,0.025595447818788922,24.692768666706474,4.5575211099549606e-79,NA,NA,355.0000000000011,(YC == 0), Same,More-less,0.6320224719101116,Republican,Change,NA
2a,Trump Coal,Trump coal ash exec. order,Republican,Change,(Intercept),NA,0.02323441288111406,11.122595075436356,7.400307141666724e-25,NA,NA,355.0000000000011,(YC == 1), More,More-less,0.2584269662921343,Republican,Change,NA
2a,Trump Coal,Trump coal ash exec. order,Republican,Change,(Intercept),0.14887640449438175,0.031210929120237426,4.770008733826801,2.6944722005331947e-6,0.08749484109454131,0.2102579678942222,355.0000000000011,YC,  Diff,More-less,0.14887640449438175,Republican,Change,0.15 (0.03)
2a,Trump Coal,Trump coal ash exec. order,Republican,Counterfactual,(Intercept),NA,0.013735814433493441,11.240771717522806,4.8185739340924954e-27,NA,NA,691.9999999999987,(YC == -1),Less,More-less,0.15440115440115462,Republican,Counterfactual,NA
2a,Trump Coal,Trump coal ash exec. order,Republican,Counterfactual,(Intercept),NA,0.01742273194680325,40.169113660967085,5.19006288154235e-183,NA,NA,691.9999999999987,(YC == 0), Same,More-less,0.6998556998557022,Republican,Counterfactual,NA
2a,Trump Coal,Trump coal ash exec. order,Republican,Counterfactual,(Intercept),NA,0.013413288274302285,10.86557917512043,1.6824942726840438e-25,NA,NA,691.9999999999987,(YC == 1), More,More-less,0.14574314574314595,Republican,Counterfactual,NA
2a,Trump Coal,Trump coal ash exec. order,Republican,Counterfactual,(Intercept),-0.00865800865800867,0.02082369353576946,-0.415776799785137,0.677702237773711,-0.04954320739916274,0.0322271900831454,691.9999999999987,YC,  Diff,More-less,-0.00865800865800867,Republican,Counterfactual,-0.01 (0.02)
2b,Biden / Hill,Biden skeptical of Anita Hill,Democrat,Change,(Intercept),NA,0.0331411510343567,5.257585171432067,5.77342702129813e-7,NA,NA,131.0000000000002,(YC == -1),Less,More-less,0.1742424242424243,Democrat,Change,NA
2b,Biden / Hill,Biden skeptical of Anita Hill,Democrat,Change,(Intercept),NA,0.03856650735812566,19.05405843533453,1.4030419204324623e-39,NA,NA,131.0000000000002,(YC == 0), Same,More-less,0.7348484848484854,Democrat,Change,NA
2b,Biden / Hill,Biden skeptical of Anita Hill,Democrat,Change,(Intercept),NA,0.025117225636160825,3.61939221417077,4.205850887606413e-4,NA,NA,131.0000000000002,(YC == 1), More,More-less,0.09090909090909095,Democrat,Change,NA
2b,Biden / Hill,Biden skeptical of Anita Hill,Democrat,Change,(Intercept),-0.08333333333333338,0.04439646766664383,-1.8770262075589357,0.06273864795117048,-0.17116013667718316,0.004493470010516379,131.0000000000002,YC,  Diff,More-less,-0.08333333333333338,Democrat,Change,-0.08 (0.04)
2b,Biden / Hill,Biden skeptical of Anita Hill,Democrat,Counterfactual,(Intercept),NA,0.021188004505789722,4.575172498368832,8.452526753806018e-6,NA,NA,195,(YC == -1),Less,More-less,0.09693877551020404,Democrat,Counterfactual,NA
2b,Biden / Hill,Biden skeptical of Anita Hill,Democrat,Counterfactual,(Intercept),NA,0.023474506301436406,37.38315128503745,7.245224020528935e-91,NA,NA,195,(YC == 0), Same,More-less,0.877551020408162,Democrat,Counterfactual,NA
2b,Biden / Hill,Biden skeptical of Anita Hill,Democrat,Counterfactual,(Intercept),NA,0.011290893441822717,2.2593609808715422,0.024967139909964013,NA,NA,195,(YC == 1), More,More-less,0.02551020408163264,Democrat,Counterfactual,NA
2b,Biden / Hill,Biden skeptical of Anita Hill,Democrat,Counterfactual,(Intercept),-0.0714285714285714,0.02453118776593877,-2.911745330478821,0.004012945839814311,-0.11980907932298267,-0.023048063534160126,195,YC,  Diff,More-less,-0.0714285714285714,Democrat,Counterfactual,-0.07 (0.02)
2b,Biden / Hill,Biden skeptical of Anita Hill,Democrat,Simultaneous,(Intercept),NA,0.023393539360582707,3.102593585457454,0.0023800111032148364,NA,NA,122.99999999999999,(YC == -1),Less,More-less,0.07258064516129037,Democrat,Simultaneous,NA
2b,Biden / Hill,Biden skeptical of Anita Hill,Democrat,Simultaneous,(Intercept),NA,0.04022411265777788,18.044063713424364,2.3169209119132963e-36,NA,NA,122.99999999999999,(YC == 0), Same,More-less,0.7258064516129036,Democrat,Simultaneous,NA
2b,Biden / Hill,Biden skeptical of Anita Hill,Democrat,Simultaneous,(Intercept),NA,0.03617540156913755,5.573204290227128,1.5036725857360684e-7,NA,NA,122.99999999999999,(YC == 1), More,More-less,0.20161290322580658,Democrat,Simultaneous,NA
2b,Biden / Hill,Biden skeptical of Anita Hill,Democrat,Simultaneous,(Intercept),0.1290322580645162,0.045758665691881514,2.819843107606371,0.0056023103056526856,0.03845578501575493,0.2196087311132775,122.99999999999999,YC,  Diff,More-less,0.1290322580645162,Democrat,Simultaneous,0.13 (0.05)
2b,Biden / Hill,Biden skeptical of Anita Hill,Republican,Change,(Intercept),NA,0.041860917913946055,5.9721576223896395,3.103155953171229e-8,NA,NA,107.00000000000009,(YC == -1),Less,More-less,0.24999999999999994,Republican,Change,NA
2b,Biden / Hill,Biden skeptical of Anita Hill,Republican,Change,(Intercept),NA,0.04643454608906268,13.758913195005354,2.0657712529720752e-25,NA,NA,107.00000000000009,(YC == 0), Same,More-less,0.6388888888888887,Republican,Change,NA
2b,Biden / Hill,Biden skeptical of Anita Hill,Republican,Change,(Intercept),NA,0.030381596756651693,3.6571847095819487,3.973509080487321e-4,NA,NA,107.00000000000009,(YC == 1), More,More-less,0.11111111111111109,Republican,Change,NA
2b,Biden / Hill,Biden skeptical of Anita Hill,Republican,Change,(Intercept),-0.13888888888888887,0.05652069240257544,-2.4573104642745,0.015604666756938836,-0.25093456957856997,-0.026843208199207783,107.00000000000009,YC,  Diff,More-less,-0.13888888888888887,Republican,Change,-0.14 (0.06)
2b,Biden / Hill,Biden skeptical of Anita Hill,Republican,Counterfactual,(Intercept),NA,0.012475178004017812,2.6847571197557536,0.007843431626582534,NA,NA,207.99999999999991,(YC == -1),Less,More-less,0.03349282296650719,Republican,Counterfactual,NA
2b,Biden / Hill,Biden skeptical of Anita Hill,Republican,Counterfactual,(Intercept),NA,0.02169913573749029,41.013253425225145,1.2357451392682838e-101,NA,NA,207.99999999999991,(YC == 0), Same,More-less,0.8899521531100489,Republican,Counterfactual,NA
2b,Biden / Hill,Biden skeptical of Anita Hill,Republican,Counterfactual,(Intercept),NA,0.018435744992812943,4.1525321571376415,4.79759977091013e-5,NA,NA,207.99999999999991,(YC == 1), More,More-less,0.076555023923445,Republican,Counterfactual,NA
2b,Biden / Hill,Biden skeptical of Anita Hill,Republican,Counterfactual,(Intercept),0.04306220095693782,0.022807038992159575,1.8881101124850712,0.060403190861837215,-0.0019003861704280714,0.08802478808430372,207.99999999999991,YC,  Diff,More-less,0.04306220095693782,Republican,Counterfactual,0.04 (0.02)
2b,Biden / Hill,Biden skeptical of Anita Hill,Republican,Simultaneous,(Intercept),NA,0.02410287602956718,2.51447422837485,0.013548993007448282,NA,NA,98.00000000000004,(YC == -1),Less,More-less,0.0606060606060606,Republican,Simultaneous,NA
2b,Biden / Hill,Biden skeptical of Anita Hill,Republican,Simultaneous,(Intercept),NA,0.03978080447933685,20.31333500308033,6.656840154139942e-37,NA,NA,98.00000000000004,(YC == 0), Same,More-less,0.808080808080808,Republican,Simultaneous,NA
2b,Biden / Hill,Biden skeptical of Anita Hill,Republican,Simultaneous,(Intercept),NA,0.034117144062155505,3.848889903384104,2.1146897559993035e-4,NA,NA,98.00000000000004,(YC == 1), More,More-less,0.13131313131313127,Republican,Simultaneous,NA
2b,Biden / Hill,Biden skeptical of Anita Hill,Republican,Simultaneous,(Intercept),0.07070707070707069,0.043673148486065086,1.61900557111497,0.108659987595988,-0.015960871099441845,0.1573750125135832,98.00000000000004,YC,  Diff,More-less,0.07070707070707069,Republican,Simultaneous,0.07 (0.04)
2b,DREAM Act,DREAM Act helps economy,Democrat,Change,(Intercept),NA,0.021001706137777385,2.907797199401212,0.004281479551504767,NA,NA,129.99999999999991,(YC == -1),Less,More-less,0.06106870229007632,Democrat,Change,NA
2b,DREAM Act,DREAM Act helps economy,Democrat,Change,(Intercept),NA,0.04291135671009219,9.250384870542662,5.794680685833515e-16,NA,NA,129.99999999999991,(YC == 0), Same,More-less,0.3969465648854961,Democrat,Change,NA
2b,DREAM Act,DREAM Act helps economy,Democrat,Change,(Intercept),NA,0.04369802690578755,12.402956636759368,8.542771522422028e-24,NA,NA,129.99999999999991,(YC == 1), More,More-less,0.5419847328244272,Democrat,Change,NA
2b,DREAM Act,DREAM Act helps economy,Democrat,Change,(Intercept),0.48091603053435106,0.05347704084569567,8.992943942466848,2.466333128784387e-15,0.37511810078393737,0.5867139602847647,129.99999999999991,YC,  Diff,More-less,0.48091603053435106,Democrat,Change,0.48 (0.05)
2b,DREAM Act,DREAM Act helps economy,Democrat,Counterfactual,(Intercept),NA,0.015915801977593996,3.238692704592797,0.0014137952860635954,NA,NA,192.99999999999974,(YC == -1),Less,More-less,0.05154639175257728,Democrat,Counterfactual,NA
2b,DREAM Act,DREAM Act helps economy,Democrat,Counterfactual,(Intercept),NA,0.021395155160152748,42.16196839507573,2.5561996602303963e-99,NA,NA,192.99999999999974,(YC == 0), Same,More-less,0.9020618556701017,Democrat,Counterfactual,NA
2b,DREAM Act,DREAM Act helps economy,Democrat,Counterfactual,(Intercept),NA,0.01514002995700767,3.064178387298818,0.0024949077669581808,NA,NA,192.99999999999974,(YC == 1), More,More-less,0.046391752577319555,Democrat,Counterfactual,NA
2b,DREAM Act,DREAM Act helps economy,Democrat,Counterfactual,(Intercept),-0.005154639175257729,0.02252362881622627,-0.228854738164761,0.8192241387747281,-0.04957870574336668,0.039269427392851226,192.99999999999974,YC,  Diff,More-less,-0.005154639175257729,Democrat,Counterfactual,-0.01 (0.02)
2b,DREAM Act,DREAM Act helps economy,Democrat,Simultaneous,(Intercept),NA,0.015931122526606292,2.0248456731316584,0.04504826900044564,NA,NA,122.99999999999999,(YC == -1),Less,More-less,0.032258064516129045,Democrat,Simultaneous,NA
2b,DREAM Act,DREAM Act helps economy,Democrat,Simultaneous,(Intercept),NA,0.033163276096965316,25.290314351545728,1.4505891658964763e-50,NA,NA,122.99999999999999,(YC == 0), Same,More-less,0.8387096774193553,Democrat,Simultaneous,NA
2b,DREAM Act,DREAM Act helps economy,Democrat,Simultaneous,(Intercept),NA,0.03022717972037537,4.2687494916219,3.889932836838382e-5,NA,NA,122.99999999999999,(YC == 1), More,More-less,0.12903225806451618,Democrat,Simultaneous,NA
2b,DREAM Act,DREAM Act helps economy,Democrat,Simultaneous,(Intercept),0.09677419354838714,0.035144889189292955,2.753577996139189,0.006788946845027416,0.02720704030378379,0.16634134679299048,122.99999999999999,YC,  Diff,More-less,0.09677419354838714,Democrat,Simultaneous,0.10 (0.04)
2b,DREAM Act,DREAM Act helps economy,Republican,Change,(Intercept),NA,0.04587904741301812,7.4672996042934905,2.3208879903029006e-11,NA,NA,107.00000000000009,(YC == -1),Less,More-less,0.3425925925925925,Republican,Change,NA
2b,DREAM Act,DREAM Act helps economy,Republican,Change,(Intercept),NA,0.04643454608906269,7.776777023263893,4.907718674422278e-12,NA,NA,107.00000000000009,(YC == 0), Same,More-less,0.361111111111111,Republican,Change,NA
2b,DREAM Act,DREAM Act helps economy,Republican,Change,(Intercept),NA,0.044143436668549266,6.7121257123915194,9.47812690629467e-10,NA,NA,107.00000000000009,(YC == 1), More,More-less,0.29629629629629617,Republican,Change,NA
2b,DREAM Act,DREAM Act helps economy,Republican,Change,(Intercept),-0.046296296296296294,0.07714203078980411,-0.6001436029399331,0.5496794657630679,-0.1992213752755851,0.10662878268299252,107.00000000000009,YC,  Diff,More-less,-0.046296296296296294,Republican,Change,-0.05 (0.08)
2b,DREAM Act,DREAM Act helps economy,Republican,Counterfactual,(Intercept),NA,0.016130423971210606,3.5595014765302913,4.6035627180403976e-4,NA,NA,207.99999999999991,(YC == -1),Less,More-less,0.05741626794258376,Republican,Counterfactual,NA
2b,DREAM Act,DREAM Act helps economy,Republican,Counterfactual,(Intercept),NA,0.022884122571422236,38.26225293941803,4.294920257239165e-96,NA,NA,207.99999999999991,(YC == 0), Same,More-less,0.875598086124403,Republican,Counterfactual,NA
2b,DREAM Act,DREAM Act helps economy,Republican,Counterfactual,(Intercept),NA,0.017334182710752925,3.8643671323171835,1.488111311884138e-4,NA,NA,207.99999999999991,(YC == 1), More,More-less,0.06698564593301438,Republican,Counterfactual,NA
2b,DREAM Act,DREAM Act helps economy,Republican,Counterfactual,(Intercept),0.009569377990430625,0.0244467967148595,0.39143688647822183,0.69587503455137,-0.03862588434304213,0.057764640323903375,207.99999999999991,YC,  Diff,More-less,0.009569377990430625,Republican,Counterfactual,0.01 (0.02)
2b,DREAM Act,DREAM Act helps economy,Republican,Simultaneous,(Intercept),NA,0.027530712883605923,2.935197542821371,0.0041527493797752085,NA,NA,98.00000000000004,(YC == -1),Less,More-less,0.08080808080808077,Republican,Simultaneous,NA
2b,DREAM Act,DREAM Act helps economy,Republican,Simultaneous,(Intercept),NA,0.036219048767708886,23.42648074295412,6.059992520697809e-42,NA,NA,98.00000000000004,(YC == 0), Same,More-less,0.8484848484848483,Republican,Simultaneous,NA
2b,DREAM Act,DREAM Act helps economy,Republican,Simultaneous,(Intercept),NA,0.02589373512976386,2.7306632416192285,0.007495908968691224,NA,NA,98.00000000000004,(YC == 1), More,More-less,0.07070707070707068,Republican,Simultaneous,NA
2b,DREAM Act,DREAM Act helps economy,Republican,Simultaneous,(Intercept),-0.010101010101010097,0.039306893136727944,-0.2569780843750233,0.7977344491845039,-0.0881042602686895,0.06790224006666931,98.00000000000004,YC,  Diff,More-less,-0.010101010101010097,Republican,Simultaneous,-0.01 (0.04)
2b,Obama Torture,Obama torture exec. order,Democrat,Change,(Intercept),NA,0.025300035578642962,3.620668957178908,4.1977742025225485e-4,NA,NA,129.99999999999991,(YC == -1),Less,More-less,0.09160305343511448,Democrat,Change,NA
2b,Obama Torture,Obama torture exec. order,Democrat,Change,(Intercept),NA,0.04206739313864906,8.528663156561835,3.285057679280586e-14,NA,NA,129.99999999999991,(YC == 0), Same,More-less,0.3587786259541984,Democrat,Change,NA
2b,Obama Torture,Obama torture exec. order,Democrat,Change,(Intercept),NA,0.043636436985247766,12.595398675572365,2.845725546789183e-24,NA,NA,129.99999999999991,(YC == 1), More,More-less,0.5496183206106867,Democrat,Change,NA
2b,Obama Torture,Obama torture exec. order,Democrat,Change,(Intercept),0.4580152671755723,0.05760898628351776,7.950413585156469,7.84803349858543e-13,0.3440427775345952,0.5719877568165493,129.99999999999991,YC,  Diff,More-less,0.4580152671755723,Democrat,Change,0.46 (0.06)
2b,Obama Torture,Obama torture exec. order,Democrat,Counterfactual,(Intercept),NA,0.012398554373476962,2.481678899199121,0.013926568081395255,NA,NA,193.9999999999999,(YC == -1),Less,More-less,0.030769230769230754,Democrat,Counterfactual,NA
2b,Obama Torture,Obama torture exec. order,Democrat,Counterfactual,(Intercept),NA,0.026920244554764078,30.860389439597753,9.11557343484778e-77,NA,NA,193.9999999999999,(YC == 0), Same,More-less,0.8307692307692303,Democrat,Counterfactual,NA
2b,Obama Torture,Obama torture exec. order,Democrat,Counterfactual,(Intercept),NA,0.02479710874695392,5.583777523198021,7.863482994990517e-8,NA,NA,193.9999999999999,(YC == 1), More,More-less,0.13846153846153836,Democrat,Counterfactual,NA
2b,Obama Torture,Obama torture exec. order,Democrat,Counterfactual,(Intercept),0.1076923076923076,0.02850512127026198,3.7779985803694087,2.1022891291812092e-4,0.05147258249865352,0.16391203288596168,193.9999999999999,YC,  Diff,More-less,0.1076923076923076,Democrat,Counterfactual,0.11 (0.03)
2b,Obama Torture,Obama torture exec. order,Democrat,Simultaneous,(Intercept),NA,0.013854124038505385,1.7463066102089584,0.08325424216172468,NA,NA,122.99999999999999,(YC == -1),Less,More-less,0.024193548387096784,Democrat,Simultaneous,NA
2b,Obama Torture,Obama torture exec. order,Democrat,Simultaneous,(Intercept),NA,0.024551508696506574,37.44596106391184,4.2523141083237184e-69,NA,NA,122.99999999999999,(YC == 0), Same,More-less,0.919354838709678,Democrat,Simultaneous,NA
2b,Obama Torture,Obama torture exec. order,Democrat,Simultaneous,(Intercept),NA,0.0208097905944329,2.712742958515303,0.007629741697585079,NA,NA,122.99999999999999,(YC == 1), More,More-less,0.05645161290322583,Democrat,Simultaneous,NA
2b,Obama Torture,Obama torture exec. order,Democrat,Simultaneous,(Intercept),0.03225806451612905,0.025439962571557433,1.2680075462137055,0.2071902106617827,-0.018098781545337048,0.08261491057759515,122.99999999999999,YC,  Diff,More-less,0.03225806451612905,Democrat,Simultaneous,0.03 (0.03)
2b,Obama Torture,Obama torture exec. order,Republican,Change,(Intercept),NA,0.04587904741301812,7.4672996042934905,2.3208879903029006e-11,NA,NA,107.00000000000009,(YC == -1),Less,More-less,0.3425925925925925,Republican,Change,NA
2b,Obama Torture,Obama torture exec. order,Republican,Change,(Intercept),NA,0.047500773411999826,8.576858399204221,8.280555120439721e-14,NA,NA,107.00000000000009,(YC == 0), Same,More-less,0.4074074074074073,Republican,Change,NA
2b,Obama Torture,Obama torture exec. order,Republican,Change,(Intercept),NA,0.041860917913946055,5.9721576223896395,3.103155953171229e-8,NA,NA,107.00000000000009,(YC == 1), More,More-less,0.24999999999999994,Republican,Change,NA
2b,Obama Torture,Obama torture exec. order,Republican,Change,(Intercept),-0.09259259259259257,0.07387911345915059,-1.253298642298802,0.2128287762185993,-0.2390493185173358,0.053864133332150635,107.00000000000009,YC,  Diff,More-less,-0.09259259259259257,Republican,Change,-0.09 (0.07)
2b,Obama Torture,Obama torture exec. order,Republican,Counterfactual,(Intercept),NA,0.017334182710752925,3.8643671323171835,1.488111311884138e-4,NA,NA,207.99999999999991,(YC == -1),Less,More-less,0.06698564593301438,Republican,Counterfactual,NA
2b,Obama Torture,Obama torture exec. order,Republican,Counterfactual,(Intercept),NA,0.02528339270606639,33.306655991458165,2.567747396190603e-85,NA,NA,207.99999999999991,(YC == 0), Same,More-less,0.8421052631578958,Republican,Counterfactual,NA
2b,Obama Torture,Obama torture exec. order,Republican,Counterfactual,(Intercept),NA,0.01993313680243249,4.560701700396552,8.701001768835146e-6,NA,NA,207.99999999999991,(YC == 1), More,More-less,0.09090909090909094,Republican,Counterfactual,NA
2b,Obama Torture,Obama torture exec. order,Republican,Counterfactual,(Intercept),0.02392344497607656,0.027501958463704658,0.8698815034445349,0.3853679036849006,-0.030294869116454837,0.07814175906860796,207.99999999999991,YC,  Diff,More-less,0.02392344497607656,Republican,Counterfactual,0.02 (0.03)
2b,Obama Torture,Obama torture exec. order,Republican,Simultaneous,(Intercept),NA,0.034117144062155505,3.848889903384105,2.1146897559993016e-4,NA,NA,98.00000000000004,(YC == -1),Less,More-less,0.1313131313131313,Republican,Simultaneous,NA
2b,Obama Torture,Obama torture exec. order,Republican,Simultaneous,(Intercept),NA,0.03978080447933686,20.313335003080326,6.656840154140035e-37,NA,NA,98.00000000000004,(YC == 0), Same,More-less,0.808080808080808,Republican,Simultaneous,NA
2b,Obama Torture,Obama torture exec. order,Republican,Simultaneous,(Intercept),NA,0.024102876029567184,2.5144742283748487,0.013548993007448338,NA,NA,98.00000000000004,(YC == 1), More,More-less,0.06060606060606059,Republican,Simultaneous,NA
2b,Obama Torture,Obama torture exec. order,Republican,Simultaneous,(Intercept),-0.0707070707070707,0.043673148486065086,-1.6190055711149702,0.10865998759598797,-0.15737501251358324,0.01596087109944183,98.00000000000004,YC,  Diff,More-less,-0.0707070707070707,Republican,Simultaneous,-0.07 (0.04)
2b,Trump Coal,Trump coal ash exec. order,Democrat,Change,(Intercept),NA,0.042258754519696386,8.67068180084855,1.493046513550197e-14,NA,NA,129.99999999999991,(YC == -1),Less,More-less,0.3664122137404579,Democrat,Change,NA
2b,Trump Coal,Trump coal ash exec. order,Democrat,Change,(Intercept),NA,0.04039314978724563,7.559289460184547,6.450650272766568e-12,NA,NA,129.99999999999991,(YC == 0), Same,More-less,0.3053435114503816,Democrat,Change,NA
2b,Trump Coal,Trump coal ash exec. order,Democrat,Change,(Intercept),NA,0.041184385658063004,7.970114633600155,7.051474939312286e-13,NA,NA,129.99999999999991,(YC == 1), More,More-less,0.3282442748091603,Democrat,Change,NA
2b,Trump Coal,Trump coal ash exec. order,Democrat,Change,(Intercept),-0.03816793893129771,0.07302263595243044,-0.5226864031060406,0.6020821509969622,-0.18263449105367646,0.10629861319108103,129.99999999999991,YC,  Diff,More-less,-0.03816793893129771,Democrat,Change,-0.04 (0.07)
2b,Trump Coal,Trump coal ash exec. order,Democrat,Counterfactual,(Intercept),NA,0.023586755203833517,5.218052335444577,4.624724314845371e-7,NA,NA,193.9999999999999,(YC == -1),Less,More-less,0.12307692307692301,Democrat,Counterfactual,NA
2b,Trump Coal,Trump coal ash exec. order,Democrat,Counterfactual,(Intercept),NA,0.026590917036710782,31.43544973433655,4.593669110602247e-78,NA,NA,193.9999999999999,(YC == 0), Same,More-less,0.8358974358974353,Democrat,Counterfactual,NA
2b,Trump Coal,Trump coal ash exec. order,Democrat,Counterfactual,(Intercept),NA,0.014240666649386523,2.8808792478411362,0.004411903869969738,NA,NA,193.9999999999999,(YC == 1), More,More-less,0.041025641025641,Democrat,Counterfactual,NA
2b,Trump Coal,Trump coal ash exec. order,Democrat,Counterfactual,(Intercept),-0.082051282051282,0.02848133329877305,-2.880879247841136,0.0044119038699697395,-0.13822409100110247,-0.025878473101461526,193.9999999999999,YC,  Diff,More-less,-0.082051282051282,Democrat,Counterfactual,-0.08 (0.03)
2b,Trump Coal,Trump coal ash exec. order,Democrat,Simultaneous,(Intercept),NA,0.0193482810816018,2.5008473140389023,0.01370478972213616,NA,NA,122.99999999999999,(YC == -1),Less,More-less,0.04838709677419357,Democrat,Simultaneous,NA
2b,Trump Coal,Trump coal ash exec. order,Democrat,Simultaneous,(Intercept),NA,0.024551508696506574,37.44596106391184,4.2523141083237184e-69,NA,NA,122.99999999999999,(YC == 0), Same,More-less,0.919354838709678,Democrat,Simultaneous,NA
2b,Trump Coal,Trump coal ash exec. order,Democrat,Simultaneous,(Intercept),NA,0.015931122526606296,2.024845673131658,0.04504826900044569,NA,NA,122.99999999999999,(YC == 1), More,More-less,0.032258064516129045,Democrat,Simultaneous,NA
2b,Trump Coal,Trump coal ash exec. order,Democrat,Simultaneous,(Intercept),-0.016129032258064523,0.02556436410838703,-0.6309185782865997,0.5292643697839854,-0.06673212353401618,0.03447405901788714,122.99999999999999,YC,  Diff,More-less,-0.016129032258064523,Democrat,Simultaneous,-0.02 (0.03)
2b,Trump Coal,Trump coal ash exec. order,Republican,Change,(Intercept),NA,0.036028141763926394,4.626013402488152,1.0496622454842863e-5,NA,NA,107.00000000000009,(YC == -1),Less,More-less,0.1666666666666666,Republican,Change,NA
2b,Trump Coal,Trump coal ash exec. order,Republican,Change,(Intercept),NA,0.04832853553437051,10.537444464814826,3.0873963705658763e-18,NA,NA,107.00000000000009,(YC == 0), Same,More-less,0.5092592592592592,Republican,Change,NA
2b,Trump Coal,Trump coal ash exec. order,Republican,Change,(Intercept),NA,0.045245960070300524,7.162497459895793,1.0533211611910519e-10,NA,NA,107.00000000000009,(YC == 1), More,More-less,0.32407407407407396,Republican,Change,NA
2b,Trump Coal,Trump coal ash exec. order,Republican,Change,(Intercept),0.15740740740740733,0.06599091192272388,2.385289168177176,0.01882433766378691,0.026588121029070766,0.2882266937857439,107.00000000000009,YC,  Diff,More-less,0.15740740740740733,Republican,Change,0.16 (0.07)
2b,Trump Coal,Trump coal ash exec. order,Republican,Counterfactual,(Intercept),NA,0.020751433915982224,4.818944098266986,2.772065889554395e-6,NA,NA,209.00000000000014,(YC == -1),Less,More-less,0.0999999999999999,Republican,Counterfactual,NA
2b,Trump Coal,Trump coal ash exec. order,Republican,Counterfactual,(Intercept),NA,0.027668578554642973,28.913664589601897,5.583723628333765e-75,NA,NA,209.00000000000014,(YC == 0), Same,More-less,0.7999999999999989,Republican,Counterfactual,NA
2b,Trump Coal,Trump coal ash exec. order,Republican,Counterfactual,(Intercept),NA,0.020751433915982224,4.818944098266986,2.772065889554395e-6,NA,NA,209.00000000000014,(YC == 1), More,More-less,0.09999999999999991,Republican,Counterfactual,NA
2b,Trump Coal,Trump coal ash exec. order,Republican,Counterfactual,(Intercept),-0,0.030934411244487273,-0,1,-0.06098346298244758,0.06098346298244758,209.00000000000014,YC,  Diff,More-less,-0,Republican,Counterfactual,0.00 (0.03)
2b,Trump Coal,Trump coal ash exec. order,Republican,Simultaneous,(Intercept),NA,0.02410287602956718,2.514474228374849,0.013548993007448325,NA,NA,98.00000000000004,(YC == -1),Less,More-less,0.06060606060606059,Republican,Simultaneous,NA
2b,Trump Coal,Trump coal ash exec. order,Republican,Simultaneous,(Intercept),NA,0.0371835461088748,22.547172771768977,1.4401874592361488e-40,NA,NA,98.00000000000004,(YC == 0), Same,More-less,0.8383838383838382,Republican,Simultaneous,NA
2b,Trump Coal,Trump coal ash exec. order,Republican,Simultaneous,(Intercept),NA,0.0304401487874877,3.3183182419798407,0.0012719822304231192,NA,NA,98.00000000000004,(YC == 1), More,More-less,0.10101010101010097,Republican,Simultaneous,NA
2b,Trump Coal,Trump coal ash exec. order,Republican,Simultaneous,(Intercept),0.040404040404040394,0.040404040404040394,1,0.31977328750858847,-0.0397764628084235,0.12058454361650428,98.00000000000004,YC,  Diff,More-less,0.040404040404040394,Republican,Simultaneous,0.04 (0.04)
2a,Biden / Hill,Biden skeptical of Anita Hill,Democrat,Counterfactual,(Intercept),-0.2654232424677189,0.031648342214077946,-8.386639675226093,2.775403517103788e-16,-0.3275609093587738,-0.20328557557666402,696,tau_i_tilde,NA,CATE,NA,Democrat,Counterfactual,-0.27 (0.03)
2a,Biden / Hill,Biden skeptical of Anita Hill,Democrat,Diff. in means,Z_labelTreatment,-0.3707767070257784,0.11445153653453749,-3.23959571232048,0.0012539946881822374,-0.5954889282609461,-0.14606448579061077,695,Y,NA,CATE,NA,Democrat,Diff. in means,-0.37 (0.11)
2a,Biden / Hill,Biden skeptical of Anita Hill,Republican,Counterfactual,(Intercept),0.043290043290043365,0.02719641908011079,1.591755266107887,0.11189638060374883,-0.010107352192561488,0.09668743877264821,692,tau_i_tilde,NA,CATE,NA,Republican,Counterfactual,0.04 (0.03)
2a,Biden / Hill,Biden skeptical of Anita Hill,Republican,Diff. in means,Z_labelTreatment,0.11156095366621673,0.11937918744735396,0.9345092394385323,0.3503677161612483,-0.12282850137550606,0.3459504087079395,691,Y,NA,CATE,NA,Republican,Diff. in means,0.11 (0.12)
2a,DREAM Act,DREAM Act helps economy,Democrat,Counterfactual,(Intercept),0.041606886657101876,0.022600802426438384,1.840947320013302,0.0660547323378907,-0.002767037359047063,0.08598081067325081,696,tau_i_tilde,NA,CATE,NA,Democrat,Counterfactual,0.04 (0.02)
2a,DREAM Act,DREAM Act helps economy,Democrat,Diff. in means,Z_labelTreatment,-0.08282683533461757,0.10639066514936446,-0.7785160024926524,0.43652984422123775,-0.29171247731275074,0.1260588066435156,695,Y,NA,CATE,NA,Democrat,Diff. in means,-0.08 (0.11)
2a,DREAM Act,DREAM Act helps economy,Republican,Counterfactual,(Intercept),0.06078147612156315,0.03203976672155647,1.8970636287644738,0.05823683396664729,-0.002125658015794174,0.12368861025892047,690,tau_i_tilde,NA,CATE,NA,Republican,Counterfactual,0.06 (0.03)
2a,DREAM Act,DREAM Act helps economy,Republican,Diff. in means,Z_labelTreatment,0.1107843137254907,0.12285780107173629,0.9017279550755112,0.3675165001951949,-0.13043629031440163,0.35200491776538306,689,Y,NA,CATE,NA,Republican,Diff. in means,0.11 (0.12)
2a,Obama Torture,Obama torture exec. order,Democrat,Counterfactual,(Intercept),0.20803443328550947,0.05170366795926219,4.0235913910290035,6.359723101576962e-5,0.1065205759413723,0.3095482906296466,696,tau_i_tilde,NA,CATE,NA,Democrat,Counterfactual,0.21 (0.05)
2a,Obama Torture,Obama torture exec. order,Democrat,Diff. in means,Z_labelTreatment,0.8180478218146066,0.1376508904202311,5.942917036840139,4.4232272883300315e-9,0.5477877323021453,1.088307911327068,697,Y,NA,CATE,NA,Democrat,Diff. in means,0.82 (0.14)
2a,Obama Torture,Obama torture exec. order,Republican,Counterfactual,(Intercept),0.0390173410404623,0.049675139241592094,0.785450058845407,0.43245896640742953,-0.05851497648425834,0.13654965856518292,691,tau_i_tilde,NA,CATE,NA,Republican,Counterfactual,0.04 (0.05)
2a,Obama Torture,Obama torture exec. order,Republican,Diff. in means,Z_labelTreatment,0.020017993702205132,0.12049218333085758,0.16613520602608753,0.8680991462874018,-0.2165567207986938,0.2565927082031041,691,Y,NA,CATE,NA,Republican,Diff. in means,0.02 (0.12)
2a,Trump Coal,Trump coal ash exec. order,Democrat,Counterfactual,(Intercept),-0.22460658082975615,0.052479634414266896,-4.279880821134218,2.1312748267408232e-5,-0.32764343955318537,-0.12156972210632695,698,tau_i_tilde,NA,CATE,NA,Democrat,Counterfactual,-0.22 (0.05)
2a,Trump Coal,Trump coal ash exec. order,Democrat,Diff. in means,Z_labelTreatment,-0.8784956919719192,0.13370462457980065,-6.570421140875314,9.804868637119911e-11,-1.141006481804082,-0.6159849021397565,699,Y,NA,CATE,NA,Democrat,Diff. in means,-0.88 (0.13)
2a,Trump Coal,Trump coal ash exec. order,Republican,Counterfactual,(Intercept),-0,0.0458469660771146,-0,1,-0.09001584260361693,0.09001584260361693,692,tau_i_tilde,NA,CATE,NA,Republican,Counterfactual,0.00 (0.05)
2a,Trump Coal,Trump coal ash exec. order,Republican,Diff. in means,Z_labelTreatment,-0.16854101064627333,0.1044726574707601,-1.613254747477298,0.10714573323684459,-0.3736629399786445,0.036580918686097835,691,Y,NA,CATE,NA,Republican,Diff. in means,-0.17 (0.10)
2b,Biden / Hill,Biden skeptical of Anita Hill,Democrat,Counterfactual,(Intercept),-0.0714285714285714,0.024531187765938774,-2.9117453304788206,0.004012945839814317,-0.11980907932298268,-0.02304806353416012,195,tau_i_tilde,NA,CATE,NA,Democrat,Counterfactual,-0.07 (0.02)
2b,Biden / Hill,Biden skeptical of Anita Hill,Democrat,Diff. in means,Z_labelTreatment,-0.059449311639549265,0.05049697440336823,-1.1772846262960242,0.24052424182082832,-0.15904285474894347,0.04014423146984493,194,Y,NA,CATE,NA,Democrat,Diff. in means,-0.06 (0.05)
2b,Biden / Hill,Biden skeptical of Anita Hill,Republican,Counterfactual,(Intercept),0.04306220095693782,0.022807038992159575,1.8881101124850712,0.06040319086183719,-0.0019003861704280783,0.08802478808430372,208,tau_i_tilde,NA,CATE,NA,Republican,Counterfactual,0.04 (0.02)
2b,Biden / Hill,Biden skeptical of Anita Hill,Republican,Diff. in means,Z_labelTreatment,0.10606060606060617,0.06695335675428767,1.5840969176472859,0.11469821551322704,-0.025937293483737675,0.23805850560495,207,Y,NA,CATE,NA,Republican,Diff. in means,0.11 (0.07)
2b,DREAM Act,DREAM Act helps economy,Democrat,Counterfactual,(Intercept),-0.005154639175257729,0.02252362881622627,-0.228854738164761,0.8192241387747282,-0.04957870574336668,0.039269427392851226,193,tau_i_tilde,NA,CATE,NA,Democrat,Counterfactual,-0.01 (0.02)
2b,DREAM Act,DREAM Act helps economy,Democrat,Diff. in means,Z_labelTreatment,-0.07361702127659549,0.050131031105899795,-1.46849206275216,0.1436070258730667,-0.1724952911359044,0.025261248582713433,192,Y,NA,CATE,NA,Democrat,Diff. in means,-0.07 (0.05)
2b,DREAM Act,DREAM Act helps economy,Republican,Counterfactual,(Intercept),0.009569377990430625,0.0244467967148595,0.39143688647822183,0.69587503455137,-0.038625884343042136,0.05776464032390338,208,tau_i_tilde,NA,CATE,NA,Republican,Counterfactual,0.01 (0.02)
2b,DREAM Act,DREAM Act helps economy,Republican,Diff. in means,Z_labelTreatment,0.03293577981651377,0.069528313698542,0.47370312991215885,0.6362108413972645,-0.10413862260289958,0.17001018223592712,207,Y,NA,CATE,NA,Republican,Diff. in means,0.03 (0.07)
2b,Obama Torture,Obama torture exec. order,Democrat,Counterfactual,(Intercept),0.1076923076923076,0.02850512127026198,3.7779985803694087,2.1022891291812092e-4,0.05147258249865352,0.16391203288596168,194,tau_i_tilde,NA,CATE,NA,Democrat,Counterfactual,0.11 (0.03)
2b,Obama Torture,Obama torture exec. order,Democrat,Diff. in means,Z_labelTreatment,0.2550031598904571,0.0613227594209045,4.158377122923928,4.818346438428018e-5,0.13405433903740505,0.3759519807435091,193,Y,NA,CATE,NA,Democrat,Diff. in means,0.26 (0.06)
2b,Obama Torture,Obama torture exec. order,Republican,Counterfactual,(Intercept),0.02392344497607656,0.02750195846370466,0.8698815034445347,0.3853679036849008,-0.03029486911645485,0.07814175906860797,208,tau_i_tilde,NA,CATE,NA,Republican,Counterfactual,0.02 (0.03)
2b,Obama Torture,Obama torture exec. order,Republican,Diff. in means,Z_labelTreatment,0.03045871559633024,0.0693718394082368,0.43906455207404743,0.6610727227464122,-0.10630719926317214,0.1672246304558326,207,Y,NA,CATE,NA,Republican,Diff. in means,0.03 (0.07)
2b,Trump Coal,Trump coal ash exec. order,Democrat,Counterfactual,(Intercept),-0.082051282051282,0.028481333298773046,-2.8808792478411362,0.0044119038699697395,-0.13822409100110244,-0.025878473101461533,194,tau_i_tilde,NA,CATE,NA,Democrat,Counterfactual,-0.08 (0.03)
2b,Trump Coal,Trump coal ash exec. order,Democrat,Diff. in means,Z_labelTreatment,-0.2939090529828951,0.0600981628074444,-4.890483157107232,2.1057747217864077e-6,-0.4124387082558528,-0.1753793977099374,194,Y,NA,CATE,NA,Democrat,Diff. in means,-0.29 (0.06)
2b,Trump Coal,Trump coal ash exec. order,Republican,Counterfactual,(Intercept),-0,0.030934411244487273,-0,1,-0.06098346298244758,0.06098346298244758,209,tau_i_tilde,NA,CATE,NA,Republican,Counterfactual,0.00 (0.03)
2b,Trump Coal,Trump coal ash exec. order,Republican,Diff. in means,Z_labelTreatment,0.06181818181818214,0.0660561934696331,0.9358423271331971,0.3504396248842072,-0.06840728739777086,0.19204365103413512,208,Y,NA,CATE,NA,Republican,Diff. in means,0.06 (0.07)
2b,Biden / Hill,Biden skeptical of Anita Hill,Democrat,Simultaneous,(Intercept),0.1290322580645162,0.04575866569188153,2.81984310760637,0.0056023103056527,0.03845578501575489,0.21960873111327753,123,tau_i_tilde,NA,CATE,NA,Democrat,Simultaneous,0.13 (0.05)
2b,Biden / Hill,Biden skeptical of Anita Hill,Republican,Simultaneous,(Intercept),0.07070707070707069,0.043673148486065086,1.61900557111497,0.10865998759598804,-0.015960871099441845,0.1573750125135832,98,tau_i_tilde,NA,CATE,NA,Republican,Simultaneous,0.07 (0.04)
2b,DREAM Act,DREAM Act helps economy,Democrat,Simultaneous,(Intercept),0.09677419354838714,0.035144889189292955,2.753577996139189,0.006788946845027421,0.027207040303783778,0.1663413467929905,123,tau_i_tilde,NA,CATE,NA,Democrat,Simultaneous,0.10 (0.04)
2b,DREAM Act,DREAM Act helps economy,Republican,Simultaneous,(Intercept),-0.010101010101010097,0.039306893136727944,-0.2569780843750233,0.797734449184504,-0.0881042602686895,0.06790224006666931,98,tau_i_tilde,NA,CATE,NA,Republican,Simultaneous,-0.01 (0.04)
2b,Obama Torture,Obama torture exec. order,Democrat,Simultaneous,(Intercept),0.03225806451612905,0.025439962571557437,1.2680075462137055,0.2071902106617828,-0.01809878154533706,0.08261491057759517,123,tau_i_tilde,NA,CATE,NA,Democrat,Simultaneous,0.03 (0.03)
2b,Obama Torture,Obama torture exec. order,Republican,Simultaneous,(Intercept),-0.0707070707070707,0.043673148486065086,-1.6190055711149702,0.10865998759598797,-0.15737501251358324,0.01596087109944183,98,tau_i_tilde,NA,CATE,NA,Republican,Simultaneous,-0.07 (0.04)
2b,Trump Coal,Trump coal ash exec. order,Democrat,Simultaneous,(Intercept),-0.016129032258064523,0.025564364108387035,-0.6309185782865996,0.5292643697839854,-0.0667321235340162,0.03447405901788715,123,tau_i_tilde,NA,CATE,NA,Democrat,Simultaneous,-0.02 (0.03)
2b,Trump Coal,Trump coal ash exec. order,Republican,Simultaneous,(Intercept),0.040404040404040394,0.040404040404040394,1,0.31977328750858847,-0.0397764628084235,0.12058454361650428,98,tau_i_tilde,NA,CATE,NA,Republican,Simultaneous,0.04 (0.04)
2a,Opposed Kav,Senator opposed Kavanaugh,Democrat,Change,(Intercept),NA,0.020681745135884513,5.508435090191873,9.442656818793723e-8,NA,NA,236.00000000000037,(YC == -1),Less,More-less,0.11392405063291133,Democrat,Change,NA
2a,Opposed Kav,Senator opposed Kavanaugh,Democrat,Change,(Intercept),NA,0.030381931949990327,10.554796384017772,1.3910924633262828e-21,NA,NA,236.00000000000037,(YC == 0), Same,More-less,0.3206751054852319,Democrat,Change,NA
2a,Opposed Kav,Senator opposed Kavanaugh,Democrat,Change,(Intercept),NA,0.0322675999551014,17.522246608628485,1.3550080784038144e-44,NA,NA,236.00000000000037,(YC == 1), More,More-less,0.5654008438818562,Democrat,Change,NA
2a,Opposed Kav,Senator opposed Kavanaugh,Democrat,Change,(Intercept),0.45147679324894474,0.04488656133457365,10.05817286567677,4.8999584765090633e-20,0.36304726661396575,0.5399063198839238,236.00000000000037,YC,  Diff,More-less,0.45147679324894474,Democrat,Change,0.45 (0.04)
2a,Opposed Kav,Senator opposed Kavanaugh,Democrat,Counterfactual,(Intercept),NA,0.012521737329264324,6.682257197026764,6.424785748794739e-11,NA,NA,488.99999999999966,(YC == -1),Less,More-less,0.08367346938775522,Democrat,Counterfactual,NA
2a,Opposed Kav,Senator opposed Kavanaugh,Democrat,Counterfactual,(Intercept),NA,0.019915808721826515,36.99245680493684,8.115871070066199e-144,NA,NA,488.99999999999966,(YC == 0), Same,More-less,0.7367346938775517,Democrat,Counterfactual,NA
2a,Opposed Kav,Senator opposed Kavanaugh,Democrat,Counterfactual,(Intercept),NA,0.017358166628340877,10.346244541832688,8.059305932826903e-23,NA,NA,488.99999999999966,(YC == 1), More,More-less,0.17959183673469412,Democrat,Counterfactual,NA
2a,Opposed Kav,Senator opposed Kavanaugh,Democrat,Counterfactual,(Intercept),0.0959183673469389,0.022793864784987513,4.208078281227351,3.06494937770529e-5,0.051132364548661206,0.14070437014521658,488.99999999999966,YC,  Diff,More-less,0.0959183673469389,Democrat,Counterfactual,0.10 (0.02)
2a,Opposed Kav,Senator opposed Kavanaugh,Republican,Change,(Intercept),NA,0.03279189902971935,18.161667154921485,6.393941785798312e-46,NA,NA,223.99999999999955,(YC == -1),Less,More-less,0.5955555555555556,Republican,Change,NA
2a,Opposed Kav,Senator opposed Kavanaugh,Republican,Change,(Intercept),NA,0.03080919260880345,9.9537391505365,1.4597183839670512e-19,NA,NA,223.99999999999955,(YC == 0), Same,More-less,0.30666666666666664,Republican,Change,NA
2a,Opposed Kav,Senator opposed Kavanaugh,Republican,Change,(Intercept),NA,0.019845078999435273,4.927054096411519,1.6222045612484746e-6,NA,NA,223.99999999999955,(YC == 1), More,More-less,0.09777777777777777,Republican,Change,NA
2a,Opposed Kav,Senator opposed Kavanaugh,Republican,Change,(Intercept),-0.49777777777777776,0.04459893783188028,-11.16120253029783,2.737370367366728e-23,-0.5856649335228039,-0.4098906220327516,223.99999999999955,YC,  Diff,More-less,-0.49777777777777776,Republican,Change,-0.50 (0.04)
2a,Opposed Kav,Senator opposed Kavanaugh,Republican,Counterfactual,(Intercept),NA,0.015539468707886155,7.675040716504377,1.0986615732849772e-13,NA,NA,435.00000000000193,(YC == -1),Less,More-less,0.1192660550458719,Republican,Counterfactual,NA
2a,Opposed Kav,Senator opposed Kavanaugh,Republican,Counterfactual,(Intercept),NA,0.019405649650724884,40.89417236396075,3.906855038914077e-151,NA,NA,435.00000000000193,(YC == 0), Same,More-less,0.793577981651378,Republican,Counterfactual,NA
2a,Opposed Kav,Senator opposed Kavanaugh,Republican,Counterfactual,(Intercept),NA,0.013523908277142234,6.444584029755758,3.081080272946746e-10,NA,NA,435.00000000000193,(YC == 1), More,More-less,0.08715596330275255,Republican,Counterfactual,NA
2a,Opposed Kav,Senator opposed Kavanaugh,Republican,Counterfactual,(Intercept),-0.032110091743119365,0.02172931492839067,-1.4777314355716562,0.14020332014453096,-0.07481759195928868,0.010597408473049949,435.00000000000193,YC,  Diff,More-less,-0.032110091743119365,Republican,Counterfactual,-0.03 (0.02)
2a,Supported Kav,Senator supported Kavanaugh,Democrat,Change,(Intercept),NA,0.046520974798961945,15.386381664990008,2.023659550766853e-27,NA,NA,93.99999999999997,(YC == -1),Less,More-less,0.7157894736842103,Democrat,Change,NA
2a,Supported Kav,Senator supported Kavanaugh,Democrat,Change,(Intercept),NA,0.04481746243373485,5.636900556806368,1.8055553487048512e-7,NA,NA,93.99999999999997,(YC == 0), Same,More-less,0.25263157894736843,Democrat,Change,NA
2a,Supported Kav,Senator supported Kavanaugh,Democrat,Change,(Intercept),NA,0.018037112288197883,1.750776225365294,0.08324688015621862,NA,NA,93.99999999999997,(YC == 1), More,More-less,0.031578947368421054,Democrat,Change,NA
2a,Supported Kav,Senator supported Kavanaugh,Democrat,Change,(Intercept),-0.6842105263157893,0.05450203751132786,-12.553852251369154,8.256838150249164e-22,-0.7924255994240237,-0.5759954532075549,93.99999999999997,YC,  Diff,More-less,-0.6842105263157893,Democrat,Change,-0.68 (0.05)
2a,Supported Kav,Senator supported Kavanaugh,Democrat,Counterfactual,(Intercept),NA,0.0245366305988411,6.016272161916955,7.88552900546281e-9,NA,NA,209.00000000000014,(YC == -1),Less,More-less,0.14761904761904746,Democrat,Counterfactual,NA
2a,Supported Kav,Senator supported Kavanaugh,Democrat,Counterfactual,(Intercept),NA,0.027912582877112603,28.49030842968542,6.547986354642994e-74,NA,NA,209.00000000000014,(YC == 0), Same,More-less,0.7952380952380941,Democrat,Counterfactual,NA
2a,Supported Kav,Senator supported Kavanaugh,Democrat,Counterfactual,(Intercept),NA,0.016055756769971886,3.559026084010436,4.6068722008116677e-4,NA,NA,209.00000000000014,(YC == 1), More,More-less,0.05714285714285709,Democrat,Counterfactual,NA
2a,Supported Kav,Senator supported Kavanaugh,Democrat,Counterfactual,(Intercept),-0.09047619047619039,0.030668466709786544,-2.9501373946196905,0.0035384713433701457,-0.15093537586501812,-0.03001700508736265,209.00000000000014,YC,  Diff,More-less,-0.09047619047619039,Democrat,Counterfactual,-0.09 (0.03)
2a,Supported Kav,Senator supported Kavanaugh,Republican,Change,(Intercept),NA,0.02729322182887358,3.9457528454328434,1.2995147855318024e-4,NA,NA,129.00000000000006,(YC == -1),Less,More-less,0.10769230769230773,Republican,Change,NA
2a,Supported Kav,Senator supported Kavanaugh,Republican,Change,(Intercept),NA,0.04266800546039562,8.833857426800428,6.313857222292055e-15,NA,NA,129.00000000000006,(YC == 0), Same,More-less,0.376923076923077,Republican,Change,NA
2a,Supported Kav,Senator supported Kavanaugh,Republican,Change,(Intercept),NA,0.04400170130691367,11.712833824078452,4.952139647701147e-22,NA,NA,129.00000000000006,(YC == 1), More,More-less,0.5153846153846154,Republican,Change,NA
2a,Supported Kav,Senator supported Kavanaugh,Republican,Change,(Intercept),0.40769230769230785,0.05951118097834683,6.850684207403763,2.7062736872954844e-10,0.2899479786097949,0.5254366367748208,129.00000000000006,YC,  Diff,More-less,0.40769230769230785,Republican,Change,0.41 (0.06)
2a,Supported Kav,Senator supported Kavanaugh,Republican,Counterfactual,(Intercept),NA,0.019847320004635922,5.707634581068873,3.1733221957104897e-8,NA,NA,255.0000000000005,(YC == -1),Less,More-less,0.11328125,Republican,Counterfactual,NA
2a,Supported Kav,Senator supported Kavanaugh,Republican,Counterfactual,(Intercept),NA,0.026214195644894845,29.50452916721953,3.46746082190007e-84,NA,NA,255.0000000000005,(YC == 0), Same,More-less,0.7734374999999991,Republican,Counterfactual,NA
2a,Supported Kav,Senator supported Kavanaugh,Republican,Counterfactual,(Intercept),NA,0.01984732000463593,5.707634581068871,3.1733221957105254e-8,NA,NA,255.0000000000005,(YC == 1), More,More-less,0.11328125000000001,Republican,Counterfactual,NA
2a,Supported Kav,Senator supported Kavanaugh,Republican,Counterfactual,(Intercept),9.215718466126788e-19,0.029807388214281083,3.0917564463804395e-17,1,-0.0587000046700023,0.0587000046700023,255.0000000000005,YC,  Diff,More-less,9.215718466126788e-19,Republican,Counterfactual,0.00 (0.03)
2a,Opposed Kav,Senator opposed Kavanaugh,Democrat,Counterfactual,(Intercept),0.13265306122448997,0.041485376703107014,3.1975860355283943,0.0014756248000870435,0.05114146963442989,0.21416465281455005,489,tau_i_tilde,NA,CATE,NA,Democrat,Counterfactual,0.13 (0.04)
2a,Opposed Kav,Senator opposed Kavanaugh,Democrat,Diff. in means,Z_labelTreatment,0.41917580591558534,0.1416499767070252,2.9592366738087583,0.00323360438725618,0.14085809573266622,0.6974935160985045,489,Y,NA,CATE,NA,Democrat,Diff. in means,0.42 (0.14)
2a,Opposed Kav,Senator opposed Kavanaugh,Republican,Counterfactual,(Intercept),-0.027522935779816578,0.036571809234427294,-0.7525724418880416,0.45211393248492826,-0.09940235562955613,0.04435648406992298,435,tau_i_tilde,NA,CATE,NA,Republican,Counterfactual,-0.03 (0.04)
2a,Opposed Kav,Senator opposed Kavanaugh,Republican,Diff. in means,Z_labelTreatment,0.11565457496364118,0.1505246424362539,0.7683431303457177,0.44270122734198614,-0.18019334044898594,0.4115024903762683,434,Y,NA,CATE,NA,Republican,Diff. in means,0.12 (0.15)
2a,Supported Kav,Senator supported Kavanaugh,Democrat,Counterfactual,(Intercept),-0.16190476190476175,0.060471158001100186,-2.6773881509233894,0.00800917945957765,-0.28111636080412705,-0.04269316300539647,209,tau_i_tilde,NA,CATE,NA,Democrat,Counterfactual,-0.16 (0.06)
2a,Supported Kav,Senator supported Kavanaugh,Democrat,Diff. in means,Z_labelTreatment,0.12648579983667504,0.18958955825161966,0.6671559394046664,0.5054119771608794,-0.24727762619410984,0.5002492258674599,208,Y,NA,CATE,NA,Democrat,Diff. in means,0.13 (0.19)
2a,Supported Kav,Senator supported Kavanaugh,Republican,Counterfactual,(Intercept),0.007812500000000003,0.05451214884717235,0.1433166764697307,0.8861532709921376,-0.09953885090996613,0.11516385090996613,255,tau_i_tilde,NA,CATE,NA,Republican,Counterfactual,0.01 (0.05)
2a,Supported Kav,Senator supported Kavanaugh,Republican,Diff. in means,Z_labelTreatment,0.004887585532746745,0.19553442143002242,0.024996036488112182,0.9800777513347527,-0.3801876463386486,0.3899628174041421,254,Y,NA,CATE,NA,Republican,Diff. in means,0.00 (0.20)
