study,topic,Topic,pid_3,format,term,estimate,std.error,statistic,p.value,conf.low,conf.high,df,outcome,category,Estimator,value,Party,Format,lab_outside
1,Blocked whistleblower,Blocked whistleblower,Democrat,Change,(Intercept),NA,0.06902828418342015,6.56006728308641,2.4877912924748658e-8,NA,NA,51.999999999999986,(YC == -1),Less,More-less,0.4528301886792456,Democrat,Change,NA
1,Blocked whistleblower,Blocked whistleblower,Democrat,Change,(Intercept),NA,0.0647288914977584,4.95535624910617,8.049944472012514e-6,NA,NA,51.999999999999986,(YC == 0), Same,More-less,0.3207547169811323,Democrat,Change,NA
1,Blocked whistleblower,Blocked whistleblower,Democrat,Change,(Intercept),NA,0.058037007324041254,3.901219321586773,2.7632250859477715e-4,NA,NA,51.999999999999986,(YC == 1), More,More-less,0.22641509433962279,Democrat,Change,NA
1,Blocked whistleblower,Blocked whistleblower,Democrat,Change,(Intercept),-0.2264150943396228,0.10989343510122469,-2.0603150145508518,0.04438816149918755,-0.4469324047827493,-0.005897783896496339,51.999999999999986,YC,  Diff,More-less,-0.2264150943396228,Democrat,Change,-0.23 (0.11)
1,Blocked whistleblower,Blocked whistleblower,Democrat,Change + level,(Intercept),NA,0.07453559924999302,6.708203932499371,2.7634322450637156e-8,NA,NA,45,(YC == -1),Less,More-less,0.5000000000000003,Democrat,Change + level,NA
1,Blocked whistleblower,Blocked whistleblower,Democrat,Change + level,(Intercept),NA,0.07195473383945747,5.1360792775060995,5.839749856070062e-6,NA,NA,45,(YC == 0), Same,More-less,0.36956521739130443,Democrat,Change + level,NA
1,Blocked whistleblower,Blocked whistleblower,Democrat,Change + level,(Intercept),NA,0.05020437123388053,2.5980762113533156,0.012627143328423447,NA,NA,45,(YC == 1), More,More-less,0.1304347826086957,Democrat,Change + level,NA
1,Blocked whistleblower,Blocked whistleblower,Democrat,Change + level,(Intercept),-0.3695652173913045,0.10475965431015194,-3.52774376571698,9.781306696941639e-4,-0.5805619921553675,-0.15856844262724148,45,YC,  Diff,More-less,-0.3695652173913045,Democrat,Change + level,-0.37 (0.10)
1,Blocked whistleblower,Blocked whistleblower,Democrat,Counterfactual,(Intercept),NA,0.07425392901036848,5.203275321763597,5.188704319254637e-6,NA,NA,42.99999999999998,(YC == -1),Less,More-less,0.38636363636363635,Democrat,Counterfactual,NA
1,Blocked whistleblower,Blocked whistleblower,Democrat,Counterfactual,(Intercept),NA,0.07617047451458,6.265849468764582,1.500361110222555e-7,NA,NA,42.99999999999998,(YC == 0), Same,More-less,0.4772727272727273,Democrat,Counterfactual,NA
1,Blocked whistleblower,Blocked whistleblower,Democrat,Counterfactual,(Intercept),NA,0.05233358898302987,2.6056618514708556,0.012546382109556898,NA,NA,42.99999999999998,(YC == 1), More,More-less,0.13636363636363638,Democrat,Counterfactual,NA
1,Blocked whistleblower,Blocked whistleblower,Democrat,Counterfactual,(Intercept),-0.25,0.10345511022113317,-2.416507018992393,0.019987622795503743,-0.45863711375321403,-0.04136288624678597,42.99999999999998,YC,  Diff,More-less,-0.25,Democrat,Counterfactual,-0.25 (0.10)
1,Blocked whistleblower,Blocked whistleblower,Republican,Change,(Intercept),NA,0.08182838794858087,7.266360849833979,1.472946970010023e-8,NA,NA,36,(YC == -1),Less,More-less,0.5945945945945946,Republican,Change,NA
1,Blocked whistleblower,Blocked whistleblower,Republican,Change,(Intercept),NA,0.08083044344561426,4.681136985632963,3.9638849597631636e-5,NA,NA,36,(YC == 0), Same,More-less,0.3783783783783784,Republican,Change,NA
1,Blocked whistleblower,Blocked whistleblower,Republican,Change,(Intercept),NA,0.02702702702702703,1,0.32398502626512726,NA,NA,36,(YC == 1), More,More-less,0.02702702702702703,Republican,Change,NA
1,Blocked whistleblower,Blocked whistleblower,Republican,Change,(Intercept),-0.5675675675675677,0.09120926455548013,-6.222696458892415,3.5060972948251275e-7,-0.7525485298463758,-0.38258660528875954,36,YC,  Diff,More-less,-0.5675675675675677,Republican,Change,-0.57 (0.09)
1,Blocked whistleblower,Blocked whistleblower,Republican,Change + level,(Intercept),NA,0.07167347772513391,5.343381339370328,2.7539606748837816e-6,NA,NA,46,(YC == -1),Less,More-less,0.38297872340425543,Republican,Change + level,NA
1,Blocked whistleblower,Blocked whistleblower,Republican,Change + level,(Intercept),NA,0.07330262843906579,7.546680127869538,1.3884205051970912e-9,NA,NA,46,(YC == 0), Same,More-less,0.5531914893617023,Republican,Change + level,NA
1,Blocked whistleblower,Blocked whistleblower,Republican,Change + level,(Intercept),NA,0.03604210867489021,1.7709781580707415,0.08319003744818591,NA,NA,46,(YC == 1), More,More-less,0.06382978723404256,Republican,Change + level,NA
1,Blocked whistleblower,Blocked whistleblower,Republican,Change + level,(Intercept),-0.3191489361702128,0.08659657428455231,-3.685468378015789,6.001812713707233e-4,-0.49345879942908755,-0.14483907291133805,46,YC,  Diff,More-less,-0.3191489361702128,Republican,Change + level,-0.32 (0.09)
1,Blocked whistleblower,Blocked whistleblower,Republican,Counterfactual,(Intercept),NA,0.05464943254828616,2.6140645235596858,0.012457479253612635,NA,NA,41.00000000000003,(YC == -1),Less,More-less,0.14285714285714285,Republican,Counterfactual,NA
1,Blocked whistleblower,Blocked whistleblower,Republican,Counterfactual,(Intercept),NA,0.07219871305887664,9.563552606721961,5.347286554467532e-12,NA,NA,41.00000000000003,(YC == 0), Same,More-less,0.6904761904761906,Republican,Counterfactual,NA
1,Blocked whistleblower,Blocked whistleblower,Republican,Counterfactual,(Intercept),NA,0.05820252464746486,2.86356421265527,0.006573462649185699,NA,NA,41.00000000000003,(YC == 1), More,More-less,0.16666666666666666,Republican,Counterfactual,NA
1,Blocked whistleblower,Blocked whistleblower,Republican,Counterfactual,(Intercept),0.023809523809523798,0.08680745670170774,0.2742797072299827,0.7852469302455524,-0.15150169153939075,0.19912073915843836,41.00000000000003,YC,  Diff,More-less,0.023809523809523798,Republican,Counterfactual,0.02 (0.09)
1,Death penalty,Death penalty,Democrat,Change,(Intercept),NA,0.06661733875264915,5.196152422706633,3.6031631969560876e-6,NA,NA,51.000000000000036,(YC == -1),Less,More-less,0.3461538461538463,Democrat,Change,NA
1,Death penalty,Death penalty,Democrat,Change,(Intercept),NA,0.0695463729665796,8.018999178581264,1.3568211434304484e-10,NA,NA,51.000000000000036,(YC == 0), Same,More-less,0.5576923076923082,Democrat,Change,NA
1,Death penalty,Death penalty,Democrat,Change,(Intercept),NA,0.04128055232750759,2.3292771228202147,0.023842821605542637,NA,NA,51.000000000000036,(YC == 1), More,More-less,0.0961538461538462,Democrat,Change,NA
1,Death penalty,Death penalty,Democrat,Change,(Intercept),-0.25000000000000017,0.08629721694870589,-2.896964801873013,0.00553878160115486,-0.4232488921696468,-0.07675110783035358,51.000000000000036,YC,  Diff,More-less,-0.25000000000000017,Democrat,Change,-0.25 (0.09)
1,Death penalty,Death penalty,Democrat,Change + level,(Intercept),NA,0.06030226891555272,3.3166247903554007,0.0018332204684103066,NA,NA,43.999999999999986,(YC == -1),Less,More-less,0.20000000000000004,Democrat,Change + level,NA
1,Death penalty,Death penalty,Democrat,Change + level,(Intercept),NA,0.06832943242540511,10.407098169407853,1.9235257580467546e-13,NA,NA,43.999999999999986,(YC == 0), Same,More-less,0.7111111111111111,Democrat,Change + level,NA
1,Death penalty,Death penalty,Democrat,Change + level,(Intercept),NA,0.04290254662948546,2.071879081131249,0.04416972927523993,NA,NA,43.999999999999986,(YC == 1), More,More-less,0.08888888888888889,Democrat,Change + level,NA
1,Death penalty,Death penalty,Democrat,Change + level,(Intercept),-0.11111111111111113,0.07927845200140841,-1.4015297764534707,0.16807046347661722,-0.2708863326268459,0.04866411040462368,43.999999999999986,YC,  Diff,More-less,-0.11111111111111113,Democrat,Change + level,-0.11 (0.08)
1,Death penalty,Death penalty,Democrat,Counterfactual,(Intercept),NA,0.039309500219931015,1.7748239349298849,0.08317498687627323,NA,NA,42.00000000000002,(YC == -1),Less,More-less,0.06976744186046514,Democrat,Counterfactual,NA
1,Death penalty,Death penalty,Democrat,Counterfactual,(Intercept),NA,0.05346670079545212,16.09347693943108,1.4358722070353546e-19,NA,NA,42.00000000000002,(YC == 0), Same,More-less,0.8604651162790701,Democrat,Counterfactual,NA
1,Death penalty,Death penalty,Democrat,Counterfactual,(Intercept),NA,0.039309500219931015,1.7748239349298849,0.08317498687627323,NA,NA,42.00000000000002,(YC == 1), More,More-less,0.06976744186046514,Democrat,Counterfactual,NA
1,Death penalty,Death penalty,Democrat,Counterfactual,(Intercept),-0,0.05763904177042352,-0,1,-0.11632029556487973,0.11632029556487973,42.00000000000002,YC,  Diff,More-less,-0,Democrat,Counterfactual,0.00 (0.06)
1,Death penalty,Death penalty,Republican,Change,(Intercept),NA,0.04549326548811747,1.7822655773580138,0.08314216219362842,NA,NA,36,(YC == -1),Less,More-less,0.08108108108108109,Republican,Change,NA
1,Death penalty,Death penalty,Republican,Change,(Intercept),NA,0.07802030664724674,8.660254037844386,2.501520667886922e-10,NA,NA,36,(YC == 0), Same,More-less,0.6756756756756758,Republican,Change,NA
1,Death penalty,Death penalty,Republican,Change,(Intercept),NA,0.07150679219093489,3.401680257083045,0.00165410061317341,NA,NA,36,(YC == 1), More,More-less,0.24324324324324326,Republican,Change,NA
1,Death penalty,Death penalty,Republican,Change,(Intercept),0.1621621621621622,0.09098653097623496,1.7822655773580136,0.08314216219362848,-0.02236707548076189,0.3466913998050863,36,YC,  Diff,More-less,0.1621621621621622,Republican,Change,0.16 (0.09)
1,Death penalty,Death penalty,Republican,Change + level,(Intercept),NA,0.04114219418674762,2.0685912519011236,0.04423197766023922,NA,NA,46,(YC == -1),Less,More-less,0.08510638297872337,Republican,Change + level,NA
1,Death penalty,Death penalty,Republican,Change + level,(Intercept),NA,0.07084485475872634,9.00979858755096,1.006406913650158e-11,NA,NA,46,(YC == 0), Same,More-less,0.6382978723404256,Republican,Change + level,NA
1,Death penalty,Death penalty,Republican,Change + level,(Intercept),NA,0.06595297051445341,4.193833007419066,1.2355988939785e-4,NA,NA,46,(YC == 1), More,More-less,0.27659574468085113,Republican,Change + level,NA
1,Death penalty,Death penalty,Republican,Change + level,(Intercept),0.19148936170212771,0.08405923791336552,2.2780287622817084,0.027417489103370465,0.022286891657793045,0.36069183174646235,46,YC,  Diff,More-less,0.19148936170212771,Republican,Change + level,0.19 (0.08)
1,Death penalty,Death penalty,Republican,Counterfactual,(Intercept),NA,0.05588506945068101,2.618614682831909,0.012409581135188768,NA,NA,40.00000000000001,(YC == -1),Less,More-less,0.14634146341463425,Republican,Counterfactual,NA
1,Death penalty,Death penalty,Republican,Counterfactual,(Intercept),NA,0.06789956540036617,11.135528725660043,7.942421531755094e-14,NA,NA,40.00000000000001,(YC == 0), Same,More-less,0.7560975609756102,Republican,Counterfactual,NA
1,Death penalty,Death penalty,Republican,Counterfactual,(Intercept),NA,0.04691557088212525,2.079500979640146,0.04402500144077705,NA,NA,40.00000000000001,(YC == 1), More,More-less,0.09756097560975616,Republican,Counterfactual,NA
1,Death penalty,Death penalty,Republican,Counterfactual,(Intercept),-0.04878048780487808,0.07770503571743415,-0.6277648205743445,0.5337257474388253,-0.20582822319625416,0.10826724758649801,40.00000000000001,YC,  Diff,More-less,-0.04878048780487808,Republican,Counterfactual,-0.05 (0.08)
1,Disputed accusation,Disputed accusation,Democrat,Change,(Intercept),NA,0.04695159976668162,18.485515565282082,1.6321884679232917e-24,NA,NA,51.999999999999986,(YC == -1),Less,More-less,0.8679245283018876,Democrat,Change,NA
1,Disputed accusation,Disputed accusation,Democrat,Change,(Intercept),NA,0.04393868070601048,2.576489447356699,0.012859586155704768,NA,NA,51.999999999999986,(YC == 0), Same,More-less,0.11320754716981139,Democrat,Change,NA
1,Disputed accusation,Disputed accusation,Democrat,Change,(Intercept),NA,0.018867924528301893,1.0000000000000002,0.3219413481728341,NA,NA,51.999999999999986,(YC == 1), More,More-less,0.018867924528301896,Democrat,Change,NA
1,Disputed accusation,Disputed accusation,Democrat,Change,(Intercept),-0.8490566037735857,0.05648269585570408,-15.032154377734805,1.4365130714574904e-20,-0.9623974249537054,-0.735715782593466,51.999999999999986,YC,  Diff,More-less,-0.8490566037735857,Democrat,Change,-0.85 (0.06)
1,Disputed accusation,Disputed accusation,Democrat,Change + level,(Intercept),NA,0.07195473383945747,8.761547002804527,2.759854614259563e-11,NA,NA,45,(YC == -1),Less,More-less,0.630434782608696,Democrat,Change + level,NA
1,Disputed accusation,Disputed accusation,Democrat,Change + level,(Intercept),NA,0.07099970268936752,4.898979485566356,1.2867571244053232e-5,NA,NA,45,(YC == 0), Same,More-less,0.3478260869565219,Democrat,Change + level,NA
1,Disputed accusation,Disputed accusation,Democrat,Change + level,(Intercept),NA,0.02173913043478262,1,0.32265765224996135,NA,NA,45,(YC == 1), More,More-less,0.02173913043478262,Democrat,Change + level,NA
1,Disputed accusation,Disputed accusation,Democrat,Change + level,(Intercept),-0.6086956521739134,0.07911503805191993,-7.693804707196774,9.653657245583377e-10,-0.7680415184257224,-0.4493497859221044,45,YC,  Diff,More-less,-0.6086956521739134,Democrat,Change + level,-0.61 (0.08)
1,Disputed accusation,Disputed accusation,Democrat,Counterfactual,(Intercept),NA,0.06151320742474892,3.3252282413607124,0.0018142069511426846,NA,NA,42.99999999999998,(YC == -1),Less,More-less,0.20454545454545456,Democrat,Counterfactual,NA
1,Disputed accusation,Disputed accusation,Democrat,Counterfactual,(Intercept),NA,0.0660338179744218,11.357816691600547,1.5765160131558588e-14,NA,NA,42.99999999999998,(YC == 0), Same,More-less,0.7500000000000002,Democrat,Counterfactual,NA
1,Disputed accusation,Disputed accusation,Democrat,Counterfactual,(Intercept),NA,0.031765283723714004,1.4309504001254014,0.15967222315908428,NA,NA,42.99999999999998,(YC == 1), More,More-less,0.045454545454545456,Democrat,Counterfactual,NA
1,Disputed accusation,Disputed accusation,Democrat,Counterfactual,(Intercept),-0.1590909090909091,0.07228658768525043,-2.2008357869044977,0.03316598315812145,-0.30487070658455173,-0.013311111597266445,42.99999999999998,YC,  Diff,More-less,-0.1590909090909091,Democrat,Counterfactual,-0.16 (0.07)
1,Disputed accusation,Disputed accusation,Republican,Change,(Intercept),NA,0.07150679219093489,3.401680257083045,0.00165410061317341,NA,NA,36,(YC == -1),Less,More-less,0.24324324324324328,Republican,Change,NA
1,Disputed accusation,Disputed accusation,Republican,Change,(Intercept),NA,0.08256893144064577,6.873863542433759,4.80798742250038e-8,NA,NA,36,(YC == 0), Same,More-less,0.5675675675675675,Republican,Change,NA
1,Disputed accusation,Disputed accusation,Republican,Change,(Intercept),NA,0.06527647182968217,2.898275349237887,0.006351941055514249,NA,NA,36,(YC == 1), More,More-less,0.1891891891891892,Republican,Change,NA
1,Disputed accusation,Disputed accusation,Republican,Change,(Intercept),-0.05405405405405406,0.10922842930614542,-0.4948716593053935,0.623697631982849,-0.27557957626636487,0.16747146815825673,36,YC,  Diff,More-less,-0.05405405405405406,Republican,Change,-0.05 (0.11)
1,Disputed accusation,Disputed accusation,Republican,Change + level,(Intercept),NA,0.0716734777251339,5.343381339370328,2.7539606748837816e-6,NA,NA,46,(YC == -1),Less,More-less,0.3829787234042554,Republican,Change + level,NA
1,Disputed accusation,Disputed accusation,Republican,Change + level,(Intercept),NA,0.07357064625618348,7.229988054812212,4.122022839014542e-9,NA,NA,46,(YC == 0), Same,More-less,0.5319148936170214,Republican,Change + level,NA
1,Disputed accusation,Disputed accusation,Republican,Change + level,(Intercept),NA,0.041142194186747624,2.0685912519011236,0.04423197766023922,NA,NA,46,(YC == 1), More,More-less,0.0851063829787234,Republican,Change + level,NA
1,Disputed accusation,Disputed accusation,Republican,Change + level,(Intercept),-0.29787234042553196,0.09081241717341385,-3.2800838222015387,0.0019829626025237523,-0.4806682552811319,-0.11507642556993206,46,YC,  Diff,More-less,-0.29787234042553196,Republican,Change + level,-0.30 (0.09)
1,Disputed accusation,Disputed accusation,Republican,Counterfactual,(Intercept),NA,0.07728596868577993,7.3936910042729425,4.60904474878066e-9,NA,NA,41.00000000000003,(YC == -1),Less,More-less,0.5714285714285714,Republican,Counterfactual,NA
1,Disputed accusation,Disputed accusation,Republican,Counterfactual,(Intercept),NA,0.07584124375059006,5.0230239130198475,1.0415047616277005e-5,NA,NA,41.00000000000003,(YC == 0), Same,More-less,0.380952380952381,Republican,Counterfactual,NA
1,Disputed accusation,Disputed accusation,Republican,Counterfactual,(Intercept),NA,0.03325858551283706,1.4317821063276355,0.15978587840991437,NA,NA,41.00000000000003,(YC == 1), More,More-less,0.04761904761904762,Republican,Counterfactual,NA
1,Disputed accusation,Disputed accusation,Republican,Counterfactual,(Intercept),-0.5238095238095238,0.09168759282690152,-5.712981524102528,1.1069818235818091e-6,-0.7089763740045982,-0.33864267361444944,41.00000000000003,YC,  Diff,More-less,-0.5238095238095238,Republican,Counterfactual,-0.52 (0.09)
1,Endorsed Trump,Endorsed Trump,Democrat,Change,(Intercept),NA,0.05623975840347626,14.090615832725504,2.1643057483513396e-19,NA,NA,51.999999999999986,(YC == -1),Less,More-less,0.7924528301886798,Democrat,Change,NA
1,Endorsed Trump,Endorsed Trump,Democrat,Change,(Intercept),NA,0.049644793545680924,3.040467800264368,0.0036939969176519637,NA,NA,51.999999999999986,(YC == 0), Same,More-less,0.15094339622641517,Democrat,Change,NA
1,Endorsed Trump,Endorsed Trump,Democrat,Change,(Intercept),NA,0.03204557643805461,1.7663521732655696,0.08320638174469355,NA,NA,51.999999999999986,(YC == 1), More,More-less,0.056603773584905696,Democrat,Change,NA
1,Endorsed Trump,Endorsed Trump,Democrat,Change,(Intercept),-0.7358490566037741,0.07690938345133107,-9.567740938521837,4.674452972330307e-13,-0.8901790251856518,-0.5815190880218963,51.999999999999986,YC,  Diff,More-less,-0.7358490566037741,Democrat,Change,-0.74 (0.08)
1,Endorsed Trump,Endorsed Trump,Democrat,Change + level,(Intercept),NA,0.06358669845936325,11.96586052826198,1.408286743289646e-15,NA,NA,45,(YC == -1),Less,More-less,0.7608695652173916,Democrat,Change + level,NA
1,Endorsed Trump,Endorsed Trump,Democrat,Change + level,(Intercept),NA,0.0614875461901346,3.535533905932737,9.558775168378023e-4,NA,NA,45,(YC == 0), Same,More-less,0.21739130434782616,Democrat,Change + level,NA
1,Endorsed Trump,Endorsed Trump,Democrat,Change + level,(Intercept),NA,0.02173913043478262,1,0.32265765224996135,NA,NA,45,(YC == 1), More,More-less,0.02173913043478262,Democrat,Change + level,NA
1,Endorsed Trump,Endorsed Trump,Democrat,Change + level,(Intercept),-0.7391304347826089,0.07246376811594206,-10.199999999999998,2.7862973738186433e-13,-0.8850799557160036,-0.5931809138492141,45,YC,  Diff,More-less,-0.7391304347826089,Democrat,Change + level,-0.74 (0.07)
1,Endorsed Trump,Endorsed Trump,Democrat,Counterfactual,(Intercept),NA,0.07425392901036847,5.2032753217635985,5.188704319254637e-6,NA,NA,42.99999999999998,(YC == -1),Less,More-less,0.3863636363636364,Democrat,Counterfactual,NA
1,Endorsed Trump,Endorsed Trump,Democrat,Counterfactual,(Intercept),NA,0.07617047451458002,6.265849468764581,1.5003611102225713e-7,NA,NA,42.99999999999998,(YC == 0), Same,More-less,0.4772727272727273,Democrat,Counterfactual,NA
1,Endorsed Trump,Endorsed Trump,Democrat,Counterfactual,(Intercept),NA,0.05233358898302987,2.6056618514708556,0.012546382109556898,NA,NA,42.99999999999998,(YC == 1), More,More-less,0.13636363636363638,Democrat,Counterfactual,NA
1,Endorsed Trump,Endorsed Trump,Democrat,Counterfactual,(Intercept),-0.25000000000000006,0.10345511022113317,-2.416507018992394,0.01998762279550371,-0.4586371137532141,-0.041362886246786024,42.99999999999998,YC,  Diff,More-less,-0.25000000000000006,Democrat,Counterfactual,-0.25 (0.10)
1,Endorsed Trump,Endorsed Trump,Republican,Change,(Intercept),NA,0.03768738858261602,1.4342743312012722,0.16012407999051007,NA,NA,36,(YC == -1),Less,More-less,0.05405405405405406,Republican,Change,NA
1,Endorsed Trump,Endorsed Trump,Republican,Change,(Intercept),NA,0.079565413210160807,4.415880433163922,8.810089875722321e-5,NA,NA,36,(YC == 0), Same,More-less,0.35135135135135137,Republican,Change,NA
1,Endorsed Trump,Endorsed Trump,Republican,Change,(Intercept),NA,0.08182838794858087,7.266360849833979,1.472946970010023e-8,NA,NA,36,(YC == 1), More,More-less,0.5945945945945946,Republican,Change,NA
1,Endorsed Trump,Endorsed Trump,Republican,Change,(Intercept),0.5405405405405406,0.09950775691159695,5.432144762551111,3.990769194921232e-6,0.33872945569710977,0.7423516253839714,36,YC,  Diff,More-less,0.5405405405405406,Republican,Change,0.54 (0.10)
1,Endorsed Trump,Endorsed Trump,Republican,Change + level,(Intercept),NA,0.062426763436828826,3.7490739597339977,4.947643601247592e-4,NA,NA,46,(YC == -1),Less,More-less,0.2340425531914894,Republican,Change + level,NA
1,Endorsed Trump,Endorsed Trump,Republican,Change + level,(Intercept),NA,0.07330262843906579,6.095395487894628,2.0830180880125402e-7,NA,NA,46,(YC == 0), Same,More-less,0.446808510638298,Republican,Change + level,NA
1,Endorsed Trump,Endorsed Trump,Republican,Change + level,(Intercept),NA,0.06872960451806369,4.643543905251677,2.8762015468656497e-5,NA,NA,46,(YC == 1), More,More-less,0.3191489361702128,Republican,Change + level,NA
1,Endorsed Trump,Endorsed Trump,Republican,Change + level,(Intercept),0.0851063829787234,0.1089423853453683,0.7812054299060903,0.4386838765406632,-0.13418326501875294,0.30439603097619977,46,YC,  Diff,More-less,0.0851063829787234,Republican,Change + level,0.09 (0.11)
1,Endorsed Trump,Endorsed Trump,Republican,Counterfactual,(Intercept),NA,0.0640821399224722,3.3439225741362764,0.001773604561377681,NA,NA,41.00000000000003,(YC == -1),Less,More-less,0.2142857142857143,Republican,Counterfactual,NA
1,Endorsed Trump,Endorsed Trump,Republican,Counterfactual,(Intercept),NA,0.07362101738323104,9.055385138137416,2.4833758774144213e-11,NA,NA,41.00000000000003,(YC == 0), Same,More-less,0.6666666666666667,Republican,Counterfactual,NA
1,Endorsed Trump,Endorsed Trump,Republican,Counterfactual,(Intercept),NA,0.050576019442051125,2.353835283221946,0.02345478556382832,NA,NA,41.00000000000003,(YC == 1), More,More-less,0.11904761904761905,Republican,Counterfactual,NA
1,Endorsed Trump,Endorsed Trump,Republican,Counterfactual,(Intercept),-0.09523809523809522,0.08893174123309444,-1.0709122965271929,0.29047271798425955,-0.2748393902310201,0.08436319975482966,41.00000000000003,YC,  Diff,More-less,-0.09523809523809522,Republican,Counterfactual,-0.10 (0.09)
1,Immigration,Immigrant population,Democrat,Change,(Intercept),NA,0.052974522506642995,3.2671728764562125,0.0019466469726870698,NA,NA,51.000000000000036,(YC == -1),Less,More-less,0.17307692307692316,Democrat,Change,NA
1,Immigration,Immigrant population,Democrat,Change,(Intercept),NA,0.06870717031248968,8.676734079462983,1.2925976326280311e-11,NA,NA,51.000000000000036,(YC == 0), Same,More-less,0.5961538461538466,Democrat,Change,NA
1,Immigration,Immigrant population,Democrat,Change,(Intercept),NA,0.058997306834413135,3.91152144312159,2.7215708649962444e-4,NA,NA,51.000000000000036,(YC == 1), More,More-less,0.23076923076923092,Democrat,Change,NA
1,Immigration,Immigrant population,Democrat,Change,(Intercept),0.05769230769230773,0.08861878607096785,0.6510166777291045,0.5179583492566469,-0.12021732896885834,0.2356019443534738,51.000000000000036,YC,  Diff,More-less,0.05769230769230773,Democrat,Change,0.06 (0.09)
1,Immigration,Immigrant population,Democrat,Change + level,(Intercept),NA,0.04737793696791343,2.3452078799117153,0.023590663110760305,NA,NA,43.999999999999986,(YC == -1),Less,More-less,0.11111111111111113,Democrat,Change + level,NA
1,Immigration,Immigrant population,Democrat,Change + level,(Intercept),NA,0.06832943242540511,10.407098169407853,1.9235257580467546e-13,NA,NA,43.999999999999986,(YC == 0), Same,More-less,0.7111111111111111,Democrat,Change + level,NA
1,Immigration,Immigrant population,Democrat,Change + level,(Intercept),NA,0.05763774795025093,3.084398403824239,0.003518350119082115,NA,NA,43.999999999999986,(YC == 1), More,More-less,0.17777777777777778,Democrat,Change + level,NA
1,Immigration,Immigrant population,Democrat,Change + level,(Intercept),0.06666666666666668,0.08040302522073696,0.8291561975888502,0.4114917104863509,-0.0953749832503907,0.22870831658372406,43.999999999999986,YC,  Diff,More-less,0.06666666666666668,Democrat,Change + level,0.07 (0.08)
1,Immigration,Immigrant population,Democrat,Counterfactual,(Intercept),NA,0.0448197261236945,2.075498086651083,0.04410108243089657,NA,NA,42.00000000000002,(YC == -1),Less,More-less,0.0930232558139535,Democrat,Counterfactual,NA
1,Immigration,Immigrant population,Democrat,Counterfactual,(Intercept),NA,0.05696487773914371,14.696938456699066,3.703695757818624e-18,NA,NA,42.00000000000002,(YC == 0), Same,More-less,0.8372093023255817,Democrat,Counterfactual,NA
1,Immigration,Immigrant population,Democrat,Counterfactual,(Intercept),NA,0.039309500219931015,1.7748239349298849,0.08317498687627323,NA,NA,42.00000000000002,(YC == 1), More,More-less,0.06976744186046514,Democrat,Counterfactual,NA
1,Immigration,Immigrant population,Democrat,Counterfactual,(Intercept),-0.023255813953488386,0.06215377718893592,-0.3741657386773942,0.710163427015577,-0.14868721445953437,0.1021755865525576,42.00000000000002,YC,  Diff,More-less,-0.023255813953488386,Democrat,Counterfactual,-0.02 (0.06)
1,Immigration,Immigrant population,Republican,Change,(Intercept),NA,0.0830589590747107,5.531726674375733,2.9375014367837706e-6,NA,NA,36,(YC == -1),Less,More-less,0.4594594594594595,Republican,Change,NA
1,Immigration,Immigrant population,Republican,Change,(Intercept),NA,0.08256893144064577,5.237229365663818,7.264292460384275e-6,NA,NA,36,(YC == 0), Same,More-less,0.43243243243243246,Republican,Change,NA
1,Immigration,Immigrant population,Republican,Change,(Intercept),NA,0.05175281663547774,2.088931871468374,0.04384514714627481,NA,NA,36,(YC == 1), More,More-less,0.10810810810810811,Republican,Change,NA
1,Immigration,Immigrant population,Republican,Change,(Intercept),-0.35135135135135137,0.11107052257601761,-3.163317712049869,0.0031641874795255154,-0.5766128118735364,-0.12608989082916633,36,YC,  Diff,More-less,-0.35135135135135137,Republican,Change,-0.35 (0.11)
1,Immigration,Immigrant population,Republican,Change + level,(Intercept),NA,0.06742861107915607,4.417595671307132,6.018580315753663e-5,NA,NA,46,(YC == -1),Less,More-less,0.29787234042553196,Republican,Change + level,NA
1,Immigration,Immigrant population,Republican,Change + level,(Intercept),NA,0.07330262843906579,7.546680127869537,1.3884205051970962e-9,NA,NA,46,(YC == 0), Same,More-less,0.5531914893617021,Republican,Change + level,NA
1,Immigration,Immigrant population,Republican,Change + level,(Intercept),NA,0.05249310253140096,2.8372521918222215,0.006746585975576231,NA,NA,46,(YC == 1), More,More-less,0.14893617021276598,Republican,Change + level,NA
1,Immigration,Immigrant population,Republican,Change + level,(Intercept),-0.14893617021276592,0.09607815295267066,-1.5501564677886117,0.12795740113320542,-0.34233146144350446,0.044459121017972614,46,YC,  Diff,More-less,-0.14893617021276592,Republican,Change + level,-0.15 (0.10)
1,Immigration,Immigrant population,Republican,Counterfactual,(Intercept),NA,0.06265967111543969,3.1139957766460924,0.0034049267457846874,NA,NA,40.00000000000001,(YC == -1),Less,More-less,0.1951219512195123,Republican,Counterfactual,NA
1,Immigration,Immigrant population,Republican,Counterfactual,(Intercept),NA,0.07357611282438227,9.281909617845143,1.583133740501366e-11,NA,NA,40.00000000000001,(YC == 0), Same,More-less,0.6829268292682932,Republican,Counterfactual,NA
1,Immigration,Immigrant population,Republican,Counterfactual,(Intercept),NA,0.051739520574625456,2.357022603955159,0.023404710341881893,NA,NA,40.00000000000001,(YC == 1), More,More-less,0.1219512195121952,Republican,Counterfactual,NA
1,Immigration,Immigrant population,Republican,Counterfactual,(Intercept),-0.07317073170731712,0.08827785888221397,-0.8288684459933068,0.41209771140416984,-0.25158693980308977,0.10524547638845554,40.00000000000001,YC,  Diff,More-less,-0.07317073170731712,Republican,Counterfactual,-0.07 (0.09)
1,Supports charters,Supports charters,Democrat,Change,(Intercept),NA,0.0687301044560324,6.314005596027508,6.12579752312958e-8,NA,NA,51.999999999999986,(YC == -1),Less,More-less,0.4339622641509438,Democrat,Change,NA
1,Supports charters,Supports charters,Democrat,Change,(Intercept),NA,0.0665026141909069,5.390623667945276,1.731797254672736e-6,NA,NA,51.999999999999986,(YC == 0), Same,More-less,0.3584905660377361,Democrat,Change,NA
1,Supports charters,Supports charters,Democrat,Change,(Intercept),NA,0.05623975840347625,3.6903993847614416,5.369195890767493e-4,NA,NA,51.999999999999986,(YC == 1), More,More-less,0.20754716981132088,Democrat,Change,NA
1,Supports charters,Supports charters,Democrat,Change,(Intercept),-0.2264150943396228,0.10654049780910728,-2.1251552132344966,0.03834452145479624,-0.4402042438779497,-0.012625944801295919,51.999999999999986,YC,  Diff,More-less,-0.2264150943396228,Democrat,Change,-0.23 (0.11)
1,Supports charters,Supports charters,Democrat,Change + level,(Intercept),NA,0.07275304578557182,5.378528742004772,2.583955836054578e-6,NA,NA,45,(YC == -1),Less,More-less,0.39130434782608714,Democrat,Change + level,NA
1,Supports charters,Supports charters,Democrat,Change + level,(Intercept),NA,0.07389883353033024,5.883484054145521,4.648657544324081e-7,NA,NA,45,(YC == 0), Same,More-less,0.43478260869565233,Democrat,Change + level,NA
1,Supports charters,Supports charters,Democrat,Change + level,(Intercept),NA,0.05650315562208097,3.0779350562554626,0.003543638232420411,NA,NA,45,(YC == 1), More,More-less,0.17391304347826095,Democrat,Change + level,NA
1,Supports charters,Supports charters,Democrat,Change + level,(Intercept),-0.21739130434782622,0.10728553926563339,-2.026287101093622,0.04868732926977253,-0.43347547256064756,-0.0013071361350048827,45,YC,  Diff,More-less,-0.21739130434782622,Democrat,Change + level,-0.22 (0.11)
1,Supports charters,Supports charters,Democrat,Counterfactual,(Intercept),NA,0.05881787629278459,3.0912061651652345,0.0034919174153664476,NA,NA,42.99999999999998,(YC == -1),Less,More-less,0.18181818181818182,Democrat,Counterfactual,NA
1,Supports charters,Supports charters,Democrat,Counterfactual,(Intercept),NA,0.0660338179744218,11.357816691600547,1.5765160131558588e-14,NA,NA,42.99999999999998,(YC == 0), Same,More-less,0.7500000000000002,Democrat,Counterfactual,NA
1,Supports charters,Supports charters,Democrat,Counterfactual,(Intercept),NA,0.03843843094202264,1.7737929595684594,0.08317915079485444,NA,NA,42.99999999999998,(YC == 1), More,More-less,0.06818181818181819,Democrat,Counterfactual,NA
1,Supports charters,Supports charters,Democrat,Counterfactual,(Intercept),-0.11363636363636365,0.07425392901036848,-1.5303750946363524,0.13324819658506995,-0.2633836830335904,0.03611095576086312,42.99999999999998,YC,  Diff,More-less,-0.11363636363636365,Democrat,Counterfactual,-0.11 (0.07)
1,Supports charters,Supports charters,Republican,Change,(Intercept),NA,0.05697797585888973,2.371708245126284,0.02317486576474054,NA,NA,36,(YC == -1),Less,More-less,0.13513513513513514,Republican,Change,NA
1,Supports charters,Supports charters,Republican,Change,(Intercept),NA,0.07802030664724674,4.156921938165305,1.9022444523318394e-4,NA,NA,36,(YC == 0), Same,More-less,0.32432432432432434,Republican,Change,NA
1,Supports charters,Supports charters,Republican,Change,(Intercept),NA,0.0830589590747107,6.507913734559685,1.4640649499603024e-7,NA,NA,36,(YC == 1), More,More-less,0.5405405405405406,Republican,Change,NA
1,Supports charters,Supports charters,Republican,Change,(Intercept),0.4054054054054055,0.11917798698489147,3.4016802570830453,0.00165410061317341,0.16370124495242086,0.6471095658583901,36,YC,  Diff,More-less,0.4054054054054055,Republican,Change,0.41 (0.12)
1,Supports charters,Supports charters,Republican,Change + level,(Intercept),NA,0.049202908961969306,2.5945533945311605,0.012664811785797462,NA,NA,46,(YC == -1),Less,More-less,0.12765957446808512,Republican,Change + level,NA
1,Supports charters,Supports charters,Republican,Change + level,(Intercept),NA,0.0735706462561835,6.362389488234745,8.272784804641927e-8,NA,NA,46,(YC == 0), Same,More-less,0.4680851063829788,Republican,Change + level,NA
1,Supports charters,Supports charters,Republican,Change + level,(Intercept),NA,0.07235674844413015,5.586974647721762,1.1989029064437032e-6,NA,NA,46,(YC == 1), More,More-less,0.4042553191489362,Republican,Change + level,NA
1,Supports charters,Supports charters,Republican,Change + level,(Intercept),0.27659574468085113,0.09949980201438319,2.779862261845183,0.00785189347171992,0.07631303111274468,0.4768784582489576,46,YC,  Diff,More-less,0.27659574468085113,Republican,Change + level,0.28 (0.10)
1,Supports charters,Supports charters,Republican,Counterfactual,(Intercept),NA,0.05820252464746486,2.8635642126552705,0.006573462649185697,NA,NA,41.00000000000003,(YC == -1),Less,More-less,0.16666666666666669,Republican,Counterfactual,NA
1,Supports charters,Supports charters,Republican,Counterfactual,(Intercept),NA,0.07584124375059006,8.162413858657255,3.9707289539456384e-10,NA,NA,41.00000000000003,(YC == 0), Same,More-less,0.6190476190476192,Republican,Counterfactual,NA
1,Supports charters,Supports charters,Republican,Counterfactual,(Intercept),NA,0.0640821399224722,3.343922574136276,0.0017736045613776824,NA,NA,41.00000000000003,(YC == 1), More,More-less,0.21428571428571427,Republican,Counterfactual,NA
1,Supports charters,Supports charters,Republican,Counterfactual,(Intercept),0.04761904761904762,0.09610522780331832,0.4954886295727966,0.6229006840116913,-0.14646939740335535,0.24170749264145058,41.00000000000003,YC,  Diff,More-less,0.04761904761904762,Republican,Counterfactual,0.05 (0.10)
1,Tax cuts,Tax Cuts and Jobs Act,Democrat,Change,(Intercept),NA,0.06918047444081749,8.33939173713854,4.298713708273944e-11,NA,NA,51.000000000000036,(YC == -1),Less,More-less,0.5769230769230773,Democrat,Change,NA
1,Tax cuts,Tax Cuts and Jobs Act,Democrat,Change,(Intercept),NA,0.06462831157052355,4.760952285695233,1.632086523804285e-5,NA,NA,51.000000000000036,(YC == 0), Same,More-less,0.3076923076923078,Democrat,Change,NA
1,Tax cuts,Tax Cuts and Jobs Act,Democrat,Change,(Intercept),NA,0.044736922925984614,2.5791808608632856,0.012830393744503536,NA,NA,51.000000000000036,(YC == 1), More,More-less,0.11538461538461546,Democrat,Change,NA
1,Tax cuts,Tax Cuts and Jobs Act,Democrat,Change,(Intercept),-0.4615384615384619,0.09694246735578534,-4.760952285695235,1.6320865238042705e-5,-0.6561585856563092,-0.26691833742061455,51.000000000000036,YC,  Diff,More-less,-0.4615384615384619,Democrat,Change,-0.46 (0.10)
1,Tax cuts,Tax Cuts and Jobs Act,Democrat,Change + level,(Intercept),NA,0.07106690545187015,4.69041575982343,2.6611170408941532e-5,NA,NA,43.999999999999986,(YC == -1),Less,More-less,0.33333333333333337,Democrat,Change + level,NA
1,Tax cuts,Tax Cuts and Jobs Act,Democrat,Change + level,(Intercept),NA,0.07446027270295803,7.759544207992471,8.955996014940972e-10,NA,NA,43.999999999999986,(YC == 0), Same,More-less,0.577777777777778,Democrat,Change + level,NA
1,Tax cuts,Tax Cuts and Jobs Act,Democrat,Change + level,(Intercept),NA,0.04290254662948546,2.071879081131249,0.04416972927523993,NA,NA,43.999999999999986,(YC == 1), More,More-less,0.08888888888888889,Democrat,Change + level,NA
1,Tax cuts,Tax Cuts and Jobs Act,Democrat,Change + level,(Intercept),-0.2444444444444445,0.09076307015852632,-2.693214806611313,0.009975989337153747,-0.4273653929989028,-0.06152349588998618,43.999999999999986,YC,  Diff,More-less,-0.2444444444444445,Democrat,Change + level,-0.24 (0.09)
1,Tax cuts,Tax Cuts and Jobs Act,Democrat,Counterfactual,(Intercept),NA,0.039309500219931015,1.7748239349298849,0.08317498687627323,NA,NA,42.00000000000002,(YC == -1),Less,More-less,0.06976744186046514,Democrat,Counterfactual,NA
1,Tax cuts,Tax Cuts and Jobs Act,Democrat,Counterfactual,(Intercept),NA,0.06277223796575146,12.596295751794123,7.454251100367613e-16,NA,NA,42.00000000000002,(YC == 0), Same,More-less,0.790697674418605,Democrat,Counterfactual,NA
1,Tax cuts,Tax Cuts and Jobs Act,Democrat,Counterfactual,(Intercept),NA,0.05346670079545212,2.60975301720504,0.012503023251582304,NA,NA,42.00000000000002,(YC == 1), More,More-less,0.13953488372093029,Democrat,Counterfactual,NA
1,Tax cuts,Tax Cuts and Jobs Act,Democrat,Counterfactual,(Intercept),0.06976744186046514,0.06976744186046514,1,0.323037287602987,-0.07102895601058916,0.21056383973151943,42.00000000000002,YC,  Diff,More-less,0.06976744186046514,Democrat,Counterfactual,0.07 (0.07)
1,Tax cuts,Tax Cuts and Jobs Act,Republican,Change,(Intercept),NA,0,NA,NA,NA,NA,36,(YC == -1),Less,More-less,-0,Republican,Change,NA
1,Tax cuts,Tax Cuts and Jobs Act,Republican,Change,(Intercept),NA,0.07617808344724218,3.9026618135279443,4.001319114957073e-4,NA,NA,36,(YC == 0), Same,More-less,0.29729729729729726,Republican,Change,NA
1,Tax cuts,Tax Cuts and Jobs Act,Republican,Change,(Intercept),NA,0.07617808344724218,9.224473377429689,5.129915034898273e-11,NA,NA,36,(YC == 1), More,More-less,0.7027027027027027,Republican,Change,NA
1,Tax cuts,Tax Cuts and Jobs Act,Republican,Change,(Intercept),0.7027027027027027,0.07617808344724218,9.224473377429689,5.129915034898273e-11,0.5482063886571626,0.8571990167482428,36,YC,  Diff,More-less,0.7027027027027027,Republican,Change,0.70 (0.08)
1,Tax cuts,Tax Cuts and Jobs Act,Republican,Change + level,(Intercept),NA,0.04546036031565444,2.34012616672488,0.02367092340492711,NA,NA,46,(YC == -1),Less,More-less,0.10638297872340427,Republican,Change + level,NA
1,Tax cuts,Tax Cuts and Jobs Act,Republican,Change + level,(Intercept),NA,0.07235674844413015,8.233436322958386,1.3421711704016446e-10,NA,NA,46,(YC == 0), Same,More-less,0.5957446808510639,Republican,Change + level,NA
1,Tax cuts,Tax Cuts and Jobs Act,Republican,Change + level,(Intercept),NA,0.06742861107915607,4.417595671307132,6.018580315753663e-5,NA,NA,46,(YC == 1), More,More-less,0.29787234042553196,Republican,Change + level,NA
1,Tax cuts,Tax Cuts and Jobs Act,Republican,Change + level,(Intercept),0.19148936170212766,0.08939253245534161,2.1421180991576807,0.03751094675857827,0.011551526546508317,0.371427196857747,46,YC,  Diff,More-less,0.19148936170212766,Republican,Change + level,0.19 (0.09)
1,Tax cuts,Tax Cuts and Jobs Act,Republican,Counterfactual,(Intercept),NA,0.059494199598295,2.8697202159177575,0.006533611290428304,NA,NA,40.00000000000001,(YC == -1),Less,More-less,0.1707317073170733,Republican,Counterfactual,NA
1,Tax cuts,Tax Cuts and Jobs Act,Republican,Counterfactual,(Intercept),NA,0.07615851217559026,8.32666399786453,2.8672559534463113e-10,NA,NA,40.00000000000001,(YC == 0), Same,More-less,0.634146341463415,Republican,Counterfactual,NA
1,Tax cuts,Tax Cuts and Jobs Act,Republican,Counterfactual,(Intercept),NA,0.06265967111543969,3.1139957766460924,0.0034049267457846874,NA,NA,40.00000000000001,(YC == 1), More,More-less,0.1951219512195123,Republican,Counterfactual,NA
1,Tax cuts,Tax Cuts and Jobs Act,Republican,Counterfactual,(Intercept),0.02439024390243904,0.09555872206907193,0.25523828044507796,0.7998469276484995,-0.16874113760047915,0.21752162540535724,40.00000000000001,YC,  Diff,More-less,0.02439024390243904,Republican,Counterfactual,0.02 (0.10)
1,Undisputed accusation,Undisputed accusation,Democrat,Change,(Intercept),NA,0.05425711362124457,14.953260514014998,1.7956852726239635e-20,NA,NA,51.999999999999986,(YC == -1),Less,More-less,0.8113207547169817,Democrat,Change,NA
1,Undisputed accusation,Undisputed accusation,Democrat,Change,(Intercept),NA,0.05206789873629058,3.2613438390276537,0.001960494157189396,NA,NA,51.999999999999986,(YC == 0), Same,More-less,0.16981132075471703,Democrat,Change,NA
1,Undisputed accusation,Undisputed accusation,Democrat,Change,(Intercept),NA,0.018867924528301896,1,0.3219413481728342,NA,NA,51.999999999999986,(YC == 1), More,More-less,0.018867924528301896,Democrat,Change,NA
1,Undisputed accusation,Undisputed accusation,Democrat,Change,(Intercept),-0.7924528301886798,0.06235863877776733,-12.707987950359371,1.4191438310322522e-17,-0.9175845934600826,-0.6673210669172771,51.999999999999986,YC,  Diff,More-less,-0.7924528301886798,Democrat,Change,-0.79 (0.06)
1,Undisputed accusation,Undisputed accusation,Democrat,Change + level,(Intercept),NA,0.06979205927323111,9.870591240071258,9.968843169038261e-13,NA,NA,43.999999999999986,(YC == -1),Less,More-less,0.688888888888889,Democrat,Change + level,NA
1,Undisputed accusation,Undisputed accusation,Democrat,Change + level,(Intercept),NA,0.0683294324254051,4.227883631321943,1.1726783909631484e-4,NA,NA,43.999999999999986,(YC == 0), Same,More-less,0.288888888888889,Democrat,Change + level,NA
1,Undisputed accusation,Undisputed accusation,Democrat,Change + level,(Intercept),NA,0.02222222222222222,1.0000000000000002,0.32277847875430943,NA,NA,43.999999999999986,(YC == 1), More,More-less,0.022222222222222223,Democrat,Change + level,NA
1,Undisputed accusation,Undisputed accusation,Democrat,Change + level,(Intercept),-0.6666666666666667,0.0778498944161523,-8.563488385776754,6.353243163820488e-11,-0.8235628195468507,-0.5097705137864827,43.999999999999986,YC,  Diff,More-less,-0.6666666666666667,Democrat,Change + level,-0.67 (0.08)
1,Undisputed accusation,Undisputed accusation,Democrat,Counterfactual,(Intercept),NA,0.07544284088704808,5.240375793923415,4.862172774317953e-6,NA,NA,42.00000000000002,(YC == -1),Less,More-less,0.39534883720930253,Democrat,Counterfactual,NA
1,Undisputed accusation,Undisputed accusation,Democrat,Counterfactual,(Intercept),NA,0.07713080907803259,6.331738236133037,1.3230691434654326e-7,NA,NA,42.00000000000002,(YC == 0), Same,More-less,0.4883720930232561,Democrat,Counterfactual,NA
1,Undisputed accusation,Undisputed accusation,Democrat,Counterfactual,(Intercept),NA,0.04946336973228639,2.350811729908137,0.02350234976094902,NA,NA,42.00000000000002,(YC == 1), More,More-less,0.11627906976744194,Democrat,Counterfactual,NA
1,Undisputed accusation,Undisputed accusation,Democrat,Counterfactual,(Intercept),-0.27906976744186057,0.10162348480410778,-2.7461149160531457,0.00884087939982078,-0.4841542627016787,-0.07398527218204243,42.00000000000002,YC,  Diff,More-less,-0.27906976744186057,Democrat,Counterfactual,-0.28 (0.10)
1,Undisputed accusation,Undisputed accusation,Republican,Change,(Intercept),NA,0.07401656182502245,9.85900603509299,9.066117299901288e-12,NA,NA,36,(YC == -1),Less,More-less,0.7297297297297298,Republican,Change,NA
1,Undisputed accusation,Undisputed accusation,Republican,Change,(Intercept),NA,0.06861056852129647,3.1513543886333415,0.003267184500326198,NA,NA,36,(YC == 0), Same,More-less,0.21621621621621623,Republican,Change,NA
1,Undisputed accusation,Undisputed accusation,Republican,Change,(Intercept),NA,0.03768738858261603,1.434274331201272,0.16012407999051015,NA,NA,36,(YC == 1), More,More-less,0.05405405405405406,Republican,Change,NA
1,Undisputed accusation,Undisputed accusation,Republican,Change,(Intercept),-0.6756756756756758,0.0953423895879132,-7.0868338689230095,2.5263072841566626e-8,-0.8690390040380636,-0.482312347313288,36,YC,  Diff,More-less,-0.6756756756756758,Republican,Change,-0.68 (0.10)
1,Undisputed accusation,Undisputed accusation,Republican,Change + level,(Intercept),NA,0.0716734777251339,8.608781046763307,3.807285680412054e-11,NA,NA,46,(YC == -1),Less,More-less,0.6170212765957447,Republican,Change + level,NA
1,Undisputed accusation,Undisputed accusation,Republican,Change + level,(Intercept),NA,0.06742861107915606,4.417595671307133,6.018580315753663e-5,NA,NA,46,(YC == 0), Same,More-less,0.29787234042553196,Republican,Change + level,NA
1,Undisputed accusation,Undisputed accusation,Republican,Change + level,(Intercept),NA,0.041142194186747624,2.0685912519011236,0.04423197766023922,NA,NA,46,(YC == 1), More,More-less,0.0851063829787234,Republican,Change + level,NA
1,Undisputed accusation,Undisputed accusation,Republican,Change + level,(Intercept),-0.5319148936170213,0.09546160228786518,-5.572029809567074,1.2618631415046565e-6,-0.724069132728062,-0.33976065450598053,46,YC,  Diff,More-less,-0.5319148936170213,Republican,Change + level,-0.53 (0.10)
1,Undisputed accusation,Undisputed accusation,Republican,Counterfactual,(Intercept),NA,0.07903342315131541,6.172133998483678,2.7070964015256507e-7,NA,NA,40.00000000000001,(YC == -1),Less,More-less,0.48780487804878087,Republican,Counterfactual,NA
1,Undisputed accusation,Undisputed accusation,Republican,Counterfactual,(Intercept),NA,0.07789619230571376,5.32290647422377,4.2104450968624765e-6,NA,NA,40.00000000000001,(YC == 0), Same,More-less,0.4146341463414636,Republican,Counterfactual,NA
1,Undisputed accusation,Undisputed accusation,Republican,Counterfactual,(Intercept),NA,0.04691557088212525,2.079500979640146,0.04402500144077705,NA,NA,40.00000000000001,(YC == 1), More,More-less,0.09756097560975616,Republican,Counterfactual,NA
1,Undisputed accusation,Undisputed accusation,Republican,Counterfactual,(Intercept),-0.3902439024390246,0.10405233662293441,-3.7504578475079637,5.59215205513541e-4,-0.6005415192915015,-0.1799462855865478,40.00000000000001,YC,  Diff,More-less,-0.3902439024390246,Republican,Counterfactual,-0.39 (0.10)
2a,Biden / Hill,Biden skeptical of Anita Hill,Democrat,Change,(Intercept),NA,0.023606265622635524,10.335218094831337,6.945773741843469e-22,NA,NA,330.999999999998,(YC == -1),Less,More-less,0.2439759036144576,Democrat,Change,NA
2a,Biden / Hill,Biden skeptical of Anita Hill,Democrat,Change,(Intercept),NA,0.02654444309200996,23.71562553062734,2.357071947313569e-73,NA,NA,330.999999999998,(YC == 0), Same,More-less,0.6295180722891559,Democrat,Change,NA
2a,Biden / Hill,Biden skeptical of Anita Hill,Democrat,Change,(Intercept),NA,0.018271388986048284,6.923722339499379,2.293905785862895e-11,NA,NA,330.999999999998,(YC == 1), More,More-less,0.12650602409638542,Democrat,Change,NA
2a,Biden / Hill,Biden skeptical of Anita Hill,Democrat,Change,(Intercept),-0.11746987951807217,0.032826687392834286,-3.578487165406601,3.9723238491346825e-4,-0.18204512083158642,-0.05289463820455792,330.999999999998,YC,  Diff,More-less,-0.11746987951807217,Democrat,Change,-0.12 (0.03)
2a,Biden / Hill,Biden skeptical of Anita Hill,Democrat,Counterfactual,(Intercept),NA,0.020915363683922602,9.15830576361863,4.321786891690431e-18,NA,NA,353.99999999999994,(YC == -1),Less,More-less,0.19154929577464816,Democrat,Counterfactual,NA
2a,Biden / Hill,Biden skeptical of Anita Hill,Democrat,Counterfactual,(Intercept),NA,0.02277169621850619,33.27580306720546,5.044150005168254e-111,NA,NA,353.99999999999994,(YC == 0), Same,More-less,0.7577464788732392,Democrat,Counterfactual,NA
2a,Biden / Hill,Biden skeptical of Anita Hill,Democrat,Counterfactual,(Intercept),NA,0.011660608622896576,4.348334378751961,1.795799131714668e-5,NA,NA,353.99999999999994,(YC == 1), More,More-less,0.05070422535211274,Democrat,Counterfactual,NA
2a,Biden / Hill,Biden skeptical of Anita Hill,Democrat,Counterfactual,(Intercept),-0.1408450704225354,0.02506579969413116,-5.619013641743595,3.894263682229247e-8,-0.19014167529619325,-0.09154846554887758,353.99999999999994,YC,  Diff,More-less,-0.1408450704225354,Democrat,Counterfactual,-0.14 (0.03)
2a,Biden / Hill,Biden skeptical of Anita Hill,Republican,Change,(Intercept),NA,0.022206563517220185,10.14799577166932,2.080040726966237e-21,NA,NA,353.99999999999994,(YC == -1),Less,More-less,0.22535211267605665,Republican,Change,NA
2a,Biden / Hill,Biden skeptical of Anita Hill,Republican,Change,(Intercept),NA,0.024516068066245855,28.26545205399186,8.71587748038842e-93,NA,NA,353.99999999999994,(YC == 0), Same,More-less,0.6929577464788732,Republican,Change,NA
2a,Biden / Hill,Biden skeptical of Anita Hill,Republican,Change,(Intercept),NA,0.014557198865028867,5.611666200515875,4.0491948579841664e-8,NA,NA,353.99999999999994,(YC == 1), More,More-less,0.08169014084507054,Republican,Change,NA
2a,Biden / Hill,Biden skeptical of Anita Hill,Republican,Change,(Intercept),-0.1436619718309861,0.028443793886397548,-5.050731713384003,7.062204115311107e-7,-0.19960203699690252,-0.08772190666506971,353.99999999999994,YC,  Diff,More-less,-0.1436619718309861,Republican,Change,-0.14 (0.03)
2a,Biden / Hill,Biden skeptical of Anita Hill,Republican,Counterfactual,(Intercept),NA,0.012706900760046377,4.602186895770583,5.905990540749076e-6,NA,NA,341.0000000000006,(YC == -1),Less,More-less,0.05847953216374269,Republican,Counterfactual,NA
2a,Biden / Hill,Biden skeptical of Anita Hill,Republican,Counterfactual,(Intercept),NA,0.019596727815495176,43.120935684880735,4.0659440198780608e-140,NA,NA,341.0000000000006,(YC == 0), Same,More-less,0.8450292397660808,Republican,Counterfactual,NA
2a,Biden / Hill,Biden skeptical of Anita Hill,Republican,Counterfactual,(Intercept),NA,0.01598942749811733,6.034689364677803,4.152671289754599e-9,NA,NA,341.0000000000006,(YC == 1), More,More-less,0.09649122807017546,Republican,Counterfactual,NA
2a,Biden / Hill,Biden skeptical of Anita Hill,Republican,Counterfactual,(Intercept),0.03801169590643275,0.0212184470735215,1.7914457064045723,0.07410844370190414,-0.0037238252167177063,0.0797472170295832,341.0000000000006,YC,  Diff,More-less,0.03801169590643275,Republican,Counterfactual,0.04 (0.02)
2a,DREAM Act,DREAM Act helps economy,Democrat,Change,(Intercept),NA,0.014767103086902699,5.303223831457236,2.085130667013814e-7,NA,NA,330.999999999998,(YC == -1),Less,More-less,0.07831325301204811,Democrat,Change,NA
2a,DREAM Act,DREAM Act helps economy,Democrat,Change,(Intercept),NA,0.027143294053829585,15.535577448767924,2.9203364996651494e-41,NA,NA,330.999999999998,(YC == 0), Same,More-less,0.4216867469879514,Democrat,Change,NA
2a,DREAM Act,DREAM Act helps economy,Democrat,Change,(Intercept),NA,0.027482485496465602,18.193405398660257,9.342307497233701e-52,NA,NA,330.999999999998,(YC == 1), More,More-less,0.4999999999999995,Democrat,Change,NA
2a,DREAM Act,DREAM Act helps economy,Democrat,Change,(Intercept),0.4216867469879514,0.03478433948190835,12.122890739589133,3.0651902405504897e-28,0.35326049705614265,0.4901129969197601,330.999999999998,YC,  Diff,More-less,0.4216867469879514,Democrat,Change,0.42 (0.03)
2a,DREAM Act,DREAM Act helps economy,Democrat,Counterfactual,(Intercept),NA,0.01105675602647995,4.087793924795823,5.396164419624111e-5,NA,NA,353.000000000001,(YC == -1),Less,More-less,0.045197740112994336,Democrat,Counterfactual,NA
2a,DREAM Act,DREAM Act helps economy,Democrat,Counterfactual,(Intercept),NA,0.018380501005434598,46.87477891104323,1.2034634468139326e-153,NA,NA,353.000000000001,(YC == 0), Same,More-less,0.8615819209039546,Democrat,Counterfactual,NA
2a,DREAM Act,DREAM Act helps economy,Democrat,Counterfactual,(Intercept),NA,0.015474580031365221,6.0240949217428685,4.27435584892545e-9,NA,NA,353.000000000001,(YC == 1), More,More-less,0.09322033898305082,Democrat,Counterfactual,NA
2a,DREAM Act,DREAM Act helps economy,Democrat,Counterfactual,(Intercept),0.048022598870056485,0.019636347540764137,2.4455973174422496,0.014949069593237397,0.0094036565366023,0.08664154120351067,353.000000000001,YC,  Diff,More-less,0.048022598870056485,Democrat,Counterfactual,0.05 (0.02)
2a,DREAM Act,DREAM Act helps economy,Republican,Change,(Intercept),NA,0.02337018422284284,11.209660501086482,3.6605199762161725e-25,NA,NA,353.99999999999994,(YC == -1),Less,More-less,0.26197183098591587,Republican,Change,NA
2a,DREAM Act,DREAM Act helps economy,Republican,Change,(Intercept),NA,0.026572064185904784,19.081778892815155,2.516214572891909e-56,NA,NA,353.99999999999994,(YC == 0), Same,More-less,0.5070422535211274,Republican,Change,NA
2a,DREAM Act,DREAM Act helps economy,Republican,Change,(Intercept),NA,0.022400528541032746,10.311627918503959,5.645960362874604e-22,NA,NA,353.99999999999994,(YC == 1), More,More-less,0.23098591549295802,Republican,Change,NA
2a,DREAM Act,DREAM Act helps economy,Republican,Change,(Intercept),-0.030985915492957802,0.037280340448480706,-0.8311596707594063,0.4064436852634621,-0.10430470982907045,0.04233287884315484,353.99999999999994,YC,  Diff,More-less,-0.030985915492957802,Republican,Change,-0.03 (0.04)
2a,DREAM Act,DREAM Act helps economy,Republican,Counterfactual,(Intercept),NA,0.012475287142779179,4.479444224538094,1.024369311367289e-5,NA,NA,338.9999999999999,(YC == -1),Less,More-less,0.055882352941176536,Republican,Counterfactual,NA
2a,DREAM Act,DREAM Act helps economy,Republican,Counterfactual,(Intercept),NA,0.02028859063621675,41.02566590754972,1.6263785282160258e-133,NA,NA,338.9999999999999,(YC == 0), Same,More-less,0.8323529411764702,Republican,Counterfactual,NA
2a,DREAM Act,DREAM Act helps economy,Republican,Counterfactual,(Intercept),NA,0.01711261988405396,6.531127708066413,2.3893209121225813e-10,NA,NA,338.9999999999999,(YC == 1), More,More-less,0.11176470588235307,Republican,Counterfactual,NA
2a,DREAM Act,DREAM Act helps economy,Republican,Counterfactual,(Intercept),0.055882352941176536,0.022030029214184888,2.536644522704242,0.011640095696692623,0.012549583744955468,0.09921512213739761,338.9999999999999,YC,  Diff,More-less,0.055882352941176536,Republican,Counterfactual,0.06 (0.02)
2a,Obama Torture,Obama torture exec. order,Democrat,Change,(Intercept),NA,0.014503977303466198,5.191762455480494,3.64405099786305e-7,NA,NA,330.999999999998,(YC == -1),Less,More-less,0.07530120481927702,Democrat,Change,NA
2a,Obama Torture,Obama torture exec. order,Democrat,Change,(Intercept),NA,0.02748049075971854,17.97551244385115,6.821069788037142e-51,NA,NA,330.999999999998,(YC == 0), Same,More-less,0.49397590361445726,Democrat,Change,NA
2a,Obama Torture,Obama torture exec. order,Democrat,Change,(Intercept),NA,0.027217412802446727,15.825269458658632,2.132886542799727e-42,NA,NA,330.999999999998,(YC == 1), More,More-less,0.43072289156626464,Democrat,Change,NA
2a,Obama Torture,Obama torture exec. order,Democrat,Change,(Intercept),0.3554216867469876,0.03386928493726334,10.493923547702328,1.9778745199746977e-22,0.2887954925846921,0.4220478809092831,330.999999999998,YC,  Diff,More-less,0.3554216867469876,Democrat,Change,0.36 (0.03)
2a,Obama Torture,Obama torture exec. order,Democrat,Counterfactual,(Intercept),NA,0.015044975794925497,5.820589056611385,1.3176701155018524e-8,NA,NA,353.000000000001,(YC == -1),Less,More-less,0.08757062146892652,Democrat,Counterfactual,NA
2a,Obama Torture,Obama torture exec. order,Democrat,Counterfactual,(Intercept),NA,0.022160996127006588,35.05420756991134,5.180069046642414e-117,NA,NA,353.000000000001,(YC == 0), Same,More-less,0.7768361581920903,Democrat,Counterfactual,NA
2a,Obama Torture,Obama torture exec. order,Democrat,Counterfactual,(Intercept),NA,0.01822177657268455,7.441273346652968,7.671916828425998e-13,NA,NA,353.000000000001,(YC == 1), More,More-less,0.13559322033898302,Democrat,Counterfactual,NA
2a,Obama Torture,Obama torture exec. order,Democrat,Counterfactual,(Intercept),0.048022598870056485,0.025013179064810178,1.9198918596323942,0.055677208786403,-0.001170995706273624,0.0972161934463866,353.000000000001,YC,  Diff,More-less,0.048022598870056485,Democrat,Counterfactual,0.05 (0.03)
2a,Obama Torture,Obama torture exec. order,Republican,Change,(Intercept),NA,0.02038061280344534,8.82089673321722,5.2101746370627955e-17,NA,NA,355.0000000000011,(YC == -1),Less,More-less,0.17977528089887607,Republican,Change,NA
2a,Obama Torture,Obama torture exec. order,Republican,Change,(Intercept),NA,0.02551194730772722,24.99379768023702,2.956939528469728e-80,NA,NA,355.0000000000011,(YC == 0), Same,More-less,0.6376404494382016,Republican,Change,NA
2a,Obama Torture,Obama torture exec. order,Republican,Change,(Intercept),NA,0.020504019127456318,8.904803908343407,2.8127627635457016e-17,NA,NA,355.0000000000011,(YC == 1), More,More-less,0.182584269662921,Republican,Change,NA
2a,Obama Torture,Obama torture exec. order,Republican,Change,(Intercept),0.0028089887640449303,0.03194853520607573,0.08792230210012063,0.9299880056723541,-0.06002320157956808,0.06564117910765795,355.0000000000011,YC,  Diff,More-less,0.0028089887640449303,Republican,Change,0.00 (0.03)
2a,Obama Torture,Obama torture exec. order,Republican,Counterfactual,(Intercept),NA,0.01706551013427597,6.529951303524601,2.397574655421978e-10,NA,NA,339.9999999999986,(YC == -1),Less,More-less,0.11143695014662766,Republican,Counterfactual,NA
2a,Obama Torture,Obama torture exec. order,Republican,Counterfactual,(Intercept),NA,0.022981131596868595,33.3054049667618,4.473044265659268e-109,NA,NA,339.9999999999986,(YC == 0), Same,More-less,0.7653958944281538,Republican,Counterfactual,NA
2a,Obama Torture,Obama torture exec. order,Republican,Counterfactual,(Intercept),NA,0.017822408833171398,6.910802943538083,2.3871341425221357e-11,NA,NA,339.9999999999986,(YC == 1), More,More-less,0.12316715542522003,Republican,Counterfactual,NA
2a,Obama Torture,Obama torture exec. order,Republican,Counterfactual,(Intercept),0.011730205278592384,0.026260376540464352,0.4466883885125344,0.6553844476507337,-0.03992305554078312,0.06338346609796788,339.9999999999986,YC,  Diff,More-less,0.011730205278592384,Republican,Counterfactual,0.01 (0.03)
2a,Opposed Kav,Senator opposed Kavanaugh,Democrat,Change,(Intercept),NA,0.020681745135884513,5.508435090191873,9.442656818793723e-8,NA,NA,236.00000000000037,(YC == -1),Less,More-less,0.11392405063291133,Democrat,Change,NA
2a,Opposed Kav,Senator opposed Kavanaugh,Democrat,Change,(Intercept),NA,0.030381931949990327,10.554796384017772,1.3910924633262828e-21,NA,NA,236.00000000000037,(YC == 0), Same,More-less,0.3206751054852319,Democrat,Change,NA
2a,Opposed Kav,Senator opposed Kavanaugh,Democrat,Change,(Intercept),NA,0.0322675999551014,17.522246608628485,1.3550080784038144e-44,NA,NA,236.00000000000037,(YC == 1), More,More-less,0.5654008438818562,Democrat,Change,NA
2a,Opposed Kav,Senator opposed Kavanaugh,Democrat,Change,(Intercept),0.45147679324894474,0.04488656133457365,10.05817286567677,4.8999584765090633e-20,0.36304726661396575,0.5399063198839238,236.00000000000037,YC,  Diff,More-less,0.45147679324894474,Democrat,Change,0.45 (0.04)
2a,Opposed Kav,Senator opposed Kavanaugh,Democrat,Counterfactual,(Intercept),NA,0.015216049172060205,4.123612991106029,5.05597695408379e-5,NA,NA,254.0000000000005,(YC == -1),Less,More-less,0.0627450980392156,Democrat,Counterfactual,NA
2a,Opposed Kav,Senator opposed Kavanaugh,Democrat,Counterfactual,(Intercept),NA,0.025635268461134952,30.748080337550228,1.3605603345786551e-87,NA,NA,254.0000000000005,(YC == 0), Same,More-less,0.7882352941176451,Democrat,Counterfactual,NA
2a,Opposed Kav,Senator opposed Kavanaugh,Democrat,Counterfactual,(Intercept),NA,0.022344190557259218,6.669277522551529,1.5960794779450973e-10,NA,NA,254.0000000000005,(YC == 1), More,More-less,0.14901960784313703,Democrat,Counterfactual,NA
2a,Opposed Kav,Senator opposed Kavanaugh,Democrat,Counterfactual,(Intercept),0.08627450980392144,0.028362211110152732,3.0418823648427757,0.0025974160108549697,0.030419459118965035,0.14212956048887784,254.0000000000005,YC,  Diff,More-less,0.08627450980392144,Democrat,Counterfactual,0.09 (0.03)
2a,Opposed Kav,Senator opposed Kavanaugh,Republican,Change,(Intercept),NA,0.03279189902971935,18.161667154921485,6.393941785798312e-46,NA,NA,223.99999999999955,(YC == -1),Less,More-less,0.5955555555555556,Republican,Change,NA
2a,Opposed Kav,Senator opposed Kavanaugh,Republican,Change,(Intercept),NA,0.03080919260880345,9.9537391505365,1.4597183839670512e-19,NA,NA,223.99999999999955,(YC == 0), Same,More-less,0.30666666666666664,Republican,Change,NA
2a,Opposed Kav,Senator opposed Kavanaugh,Republican,Change,(Intercept),NA,0.019845078999435273,4.927054096411519,1.6222045612484746e-6,NA,NA,223.99999999999955,(YC == 1), More,More-less,0.09777777777777777,Republican,Change,NA
2a,Opposed Kav,Senator opposed Kavanaugh,Republican,Change,(Intercept),-0.49777777777777776,0.04459893783188028,-11.16120253029783,2.737370367366728e-23,-0.5856649335228039,-0.4098906220327516,223.99999999999955,YC,  Diff,More-less,-0.49777777777777776,Republican,Change,-0.50 (0.04)
2a,Opposed Kav,Senator opposed Kavanaugh,Republican,Counterfactual,(Intercept),NA,0.021279145791122108,4.946775539206739,1.5540669913518118e-6,NA,NA,207.99999999999991,(YC == -1),Less,More-less,0.10526315789473689,Republican,Counterfactual,NA
2a,Opposed Kav,Senator opposed Kavanaugh,Republican,Counterfactual,(Intercept),NA,0.027533956099266437,29.19405218408076,1.673435536629355e-75,NA,NA,207.99999999999991,(YC == 0), Same,More-less,0.8038277511961731,Republican,Counterfactual,NA
2a,Opposed Kav,Senator opposed Kavanaugh,Republican,Counterfactual,(Intercept),NA,0.01993313680243249,4.560701700396552,8.701001768835146e-6,NA,NA,207.99999999999991,(YC == 1), More,More-less,0.09090909090909094,Republican,Counterfactual,NA
2a,Opposed Kav,Senator opposed Kavanaugh,Republican,Counterfactual,(Intercept),-0.01435406698564594,0.030694384474888967,-0.4676447249622804,0.6405282547723983,-0.07486604036138761,0.046157906390095725,207.99999999999991,YC,  Diff,More-less,-0.01435406698564594,Republican,Counterfactual,-0.01 (0.03)
2a,Supported Kav,Senator supported Kavanaugh,Democrat,Change,(Intercept),NA,0.046520974798961945,15.386381664990008,2.023659550766853e-27,NA,NA,93.99999999999997,(YC == -1),Less,More-less,0.7157894736842103,Democrat,Change,NA
2a,Supported Kav,Senator supported Kavanaugh,Democrat,Change,(Intercept),NA,0.04481746243373485,5.636900556806368,1.8055553487048512e-7,NA,NA,93.99999999999997,(YC == 0), Same,More-less,0.25263157894736843,Democrat,Change,NA
2a,Supported Kav,Senator supported Kavanaugh,Democrat,Change,(Intercept),NA,0.018037112288197883,1.750776225365294,0.08324688015621862,NA,NA,93.99999999999997,(YC == 1), More,More-less,0.031578947368421054,Democrat,Change,NA
2a,Supported Kav,Senator supported Kavanaugh,Democrat,Change,(Intercept),-0.6842105263157893,0.05450203751132786,-12.553852251369154,8.256838150249164e-22,-0.7924255994240237,-0.5759954532075549,93.99999999999997,YC,  Diff,More-less,-0.6842105263157893,Democrat,Change,-0.68 (0.05)
2a,Supported Kav,Senator supported Kavanaugh,Democrat,Counterfactual,(Intercept),NA,0.0339329572976101,4.005614037850465,1.1768212095687347e-4,NA,NA,101.99999999999997,(YC == -1),Less,More-less,0.13592233009708743,Democrat,Counterfactual,NA
2a,Supported Kav,Senator supported Kavanaugh,Democrat,Counterfactual,(Intercept),NA,0.042450224863844976,17.839282496782214,3.9433047432118394e-33,NA,NA,101.99999999999997,(YC == 0), Same,More-less,0.7572815533980589,Democrat,Counterfactual,NA
2a,Supported Kav,Senator supported Kavanaugh,Democrat,Counterfactual,(Intercept),NA,0.030581088928331356,3.4922273943592277,7.0952738116553e-4,NA,NA,101.99999999999997,(YC == 1), More,More-less,0.10679611650485443,Democrat,Counterfactual,NA
2a,Supported Kav,Senator supported Kavanaugh,Democrat,Counterfactual,(Intercept),-0.029126213592233025,0.04869574510177331,-0.5981264591261457,0.5510813586342396,-0.12571399311378695,0.06746156592932089,101.99999999999997,YC,  Diff,More-less,-0.029126213592233025,Democrat,Counterfactual,-0.03 (0.05)
2a,Supported Kav,Senator supported Kavanaugh,Republican,Change,(Intercept),NA,0.02729322182887358,3.9457528454328434,1.2995147855318024e-4,NA,NA,129.00000000000006,(YC == -1),Less,More-less,0.10769230769230773,Republican,Change,NA
2a,Supported Kav,Senator supported Kavanaugh,Republican,Change,(Intercept),NA,0.04266800546039562,8.833857426800428,6.313857222292055e-15,NA,NA,129.00000000000006,(YC == 0), Same,More-less,0.376923076923077,Republican,Change,NA
2a,Supported Kav,Senator supported Kavanaugh,Republican,Change,(Intercept),NA,0.04400170130691367,11.712833824078452,4.952139647701147e-22,NA,NA,129.00000000000006,(YC == 1), More,More-less,0.5153846153846154,Republican,Change,NA
2a,Supported Kav,Senator supported Kavanaugh,Republican,Change,(Intercept),0.40769230769230785,0.05951118097834683,6.850684207403763,2.7062736872954844e-10,0.2899479786097949,0.5254366367748208,129.00000000000006,YC,  Diff,More-less,0.40769230769230785,Republican,Change,0.41 (0.06)
2a,Supported Kav,Senator supported Kavanaugh,Republican,Counterfactual,(Intercept),NA,0.02772866630552146,4.098154681667322,7.256842189542748e-5,NA,NA,131.0000000000002,(YC == -1),Less,More-less,0.1136363636363637,Republican,Counterfactual,NA
2a,Supported Kav,Senator supported Kavanaugh,Republican,Counterfactual,(Intercept),NA,0.03524251981380335,22.570876022973593,5.598430264746932e-47,NA,NA,131.0000000000002,(YC == 0), Same,More-less,0.7954545454545459,Republican,Counterfactual,NA
2a,Supported Kav,Senator supported Kavanaugh,Republican,Counterfactual,(Intercept),NA,0.02511722563616082,3.619392214170771,4.2058508876064045e-4,NA,NA,131.0000000000002,(YC == 1), More,More-less,0.09090909090909095,Republican,Counterfactual,NA
2a,Supported Kav,Senator supported Kavanaugh,Republican,Counterfactual,(Intercept),-0.02272727272727274,0.03946482883093792,-0.5758867680544961,0.5656797349987746,-0.10079811806476388,0.05534357261021841,131.0000000000002,YC,  Diff,More-less,-0.02272727272727274,Republican,Counterfactual,-0.02 (0.04)
2a,Trump Coal,Trump coal ash exec. order,Democrat,Change,(Intercept),NA,0.02499583894214362,11.688692480978947,1.1726140093122713e-26,NA,NA,330.999999999998,(YC == -1),Less,More-less,0.2921686746987949,Democrat,Change,NA
2a,Trump Coal,Trump coal ash exec. order,Democrat,Change,(Intercept),NA,0.026999014786922227,15.060790522662238,2.0942325545839255e-39,NA,NA,330.999999999998,(YC == 0), Same,More-less,0.4066265060240959,Democrat,Change,NA
2a,Trump Coal,Trump coal ash exec. order,Democrat,Change,(Intercept),NA,0.02521691252123826,11.94455582234449,1.3778459075089232e-27,NA,NA,330.999999999998,(YC == 1), More,More-less,0.3012048192771081,Democrat,Change,NA
2a,Trump Coal,Trump coal ash exec. order,Democrat,Change,(Intercept),0.009036144578313234,0.042337010801263376,0.21343369329332967,0.8311201036837774,-0.07424739409459069,0.09231968325121714,330.999999999998,YC,  Diff,More-less,0.009036144578313234,Democrat,Change,0.01 (0.04)
2a,Trump Coal,Trump coal ash exec. order,Democrat,Counterfactual,(Intercept),NA,0.01844087571710897,7.616202199765469,2.392141084392471e-13,NA,NA,355.0000000000011,(YC == -1),Less,More-less,0.14044943820224695,Democrat,Counterfactual,NA
2a,Trump Coal,Trump coal ash exec. order,Democrat,Counterfactual,(Intercept),NA,0.022441722879827115,34.17090286207905,2.740194562012821e-114,NA,NA,355.0000000000011,(YC == 0), Same,More-less,0.7668539325842693,Democrat,Counterfactual,NA
2a,Trump Coal,Trump coal ash exec. order,Democrat,Counterfactual,(Intercept),NA,0.015391964626355795,6.022403992194587,4.294111543398324e-9,NA,NA,355.0000000000011,(YC == 1), More,More-less,0.092696629213483,Democrat,Counterfactual,NA
2a,Trump Coal,Trump coal ash exec. order,Democrat,Counterfactual,(Intercept),-0.04775280898876397,0.02550149051978605,-1.872549722209908,0.061952374132223355,-0.09790579710072986,0.0024001791232019162,355.0000000000011,YC,  Diff,More-less,-0.04775280898876397,Democrat,Counterfactual,-0.05 (0.03)
2a,Trump Coal,Trump coal ash exec. order,Republican,Change,(Intercept),NA,0.016576687873828575,6.6087123454084,1.4222449909605218e-10,NA,NA,355.0000000000011,(YC == -1),Less,More-less,0.10955056179775263,Republican,Change,NA
2a,Trump Coal,Trump coal ash exec. order,Republican,Change,(Intercept),NA,0.025595447818788922,24.692768666706474,4.5575211099549606e-79,NA,NA,355.0000000000011,(YC == 0), Same,More-less,0.6320224719101116,Republican,Change,NA
2a,Trump Coal,Trump coal ash exec. order,Republican,Change,(Intercept),NA,0.02323441288111406,11.122595075436356,7.400307141666724e-25,NA,NA,355.0000000000011,(YC == 1), More,More-less,0.2584269662921343,Republican,Change,NA
2a,Trump Coal,Trump coal ash exec. order,Republican,Change,(Intercept),0.14887640449438175,0.031210929120237426,4.770008733826801,2.6944722005331947e-6,0.08749484109454131,0.2102579678942222,355.0000000000011,YC,  Diff,More-less,0.14887640449438175,Republican,Change,0.15 (0.03)
2a,Trump Coal,Trump coal ash exec. order,Republican,Counterfactual,(Intercept),NA,0.016619144658000077,6.333849308187204,7.550742608053138e-10,NA,NA,341.0000000000006,(YC == -1),Less,More-less,0.10526315789473685,Republican,Counterfactual,NA
2a,Trump Coal,Trump coal ash exec. order,Republican,Counterfactual,(Intercept),NA,0.023022870335130882,33.147817089180634,1.0934271202019541e-108,NA,NA,341.0000000000006,(YC == 0), Same,More-less,0.7631578947368413,Republican,Counterfactual,NA
2a,Trump Coal,Trump coal ash exec. order,Republican,Counterfactual,(Intercept),NA,0.018305482727375054,7.187952884282612,4.180076467850314e-12,NA,NA,341.0000000000006,(YC == 1), More,More-less,0.13157894736842105,Republican,Counterfactual,NA
2a,Trump Coal,Trump coal ash exec. order,Republican,Counterfactual,(Intercept),0.02631578947368421,0.02631578947368421,1,0.31801957894790656,-0.025445924455979395,0.07807750340334782,341.0000000000006,YC,  Diff,More-less,0.02631578947368421,Republican,Counterfactual,0.03 (0.03)
2b,Biden / Hill,Biden skeptical of Anita Hill,Democrat,Change,(Intercept),NA,0.0331411510343567,5.257585171432067,5.77342702129813e-7,NA,NA,131.0000000000002,(YC == -1),Less,More-less,0.1742424242424243,Democrat,Change,NA
2b,Biden / Hill,Biden skeptical of Anita Hill,Democrat,Change,(Intercept),NA,0.03856650735812566,19.05405843533453,1.4030419204324623e-39,NA,NA,131.0000000000002,(YC == 0), Same,More-less,0.7348484848484854,Democrat,Change,NA
2b,Biden / Hill,Biden skeptical of Anita Hill,Democrat,Change,(Intercept),NA,0.025117225636160825,3.61939221417077,4.205850887606413e-4,NA,NA,131.0000000000002,(YC == 1), More,More-less,0.09090909090909095,Democrat,Change,NA
2b,Biden / Hill,Biden skeptical of Anita Hill,Democrat,Change,(Intercept),-0.08333333333333338,0.04439646766664383,-1.8770262075589357,0.06273864795117048,-0.17116013667718316,0.004493470010516379,131.0000000000002,YC,  Diff,More-less,-0.08333333333333338,Democrat,Change,-0.08 (0.04)
2b,Biden / Hill,Biden skeptical of Anita Hill,Democrat,Counterfactual,(Intercept),NA,0.02515648528716261,2.7280222255615687,0.00751548692993455,NA,NA,101.00000000000017,(YC == -1),Less,More-less,0.0686274509803922,Democrat,Counterfactual,NA
2b,Biden / Hill,Biden skeptical of Anita Hill,Democrat,Counterfactual,(Intercept),NA,0.03205907733144529,27.522717889045765,9.764883401423833e-49,NA,NA,101.00000000000017,(YC == 0), Same,More-less,0.8823529411764709,Democrat,Counterfactual,NA
2b,Biden / Hill,Biden skeptical of Anita Hill,Democrat,Counterfactual,(Intercept),NA,0.02148374607571882,2.2817067223923213,0.024604882501309874,NA,NA,101.00000000000017,(YC == 1), More,More-less,0.04901960784313729,Democrat,Counterfactual,NA
2b,Biden / Hill,Biden skeptical of Anita Hill,Democrat,Counterfactual,(Intercept),-0.01960784313725492,0.034073681273892265,-0.5754542040715374,0.5662640278533606,-0.08720086106510286,0.04798517479059303,101.00000000000017,YC,  Diff,More-less,-0.01960784313725492,Democrat,Counterfactual,-0.02 (0.03)
2b,Biden / Hill,Biden skeptical of Anita Hill,Democrat,Simultaneous,(Intercept),NA,0.023393539360582707,3.102593585457454,0.0023800111032148364,NA,NA,122.99999999999999,(YC == -1),Less,More-less,0.07258064516129037,Democrat,Simultaneous,NA
2b,Biden / Hill,Biden skeptical of Anita Hill,Democrat,Simultaneous,(Intercept),NA,0.04022411265777788,18.044063713424364,2.3169209119132963e-36,NA,NA,122.99999999999999,(YC == 0), Same,More-less,0.7258064516129036,Democrat,Simultaneous,NA
2b,Biden / Hill,Biden skeptical of Anita Hill,Democrat,Simultaneous,(Intercept),NA,0.03617540156913755,5.573204290227128,1.5036725857360684e-7,NA,NA,122.99999999999999,(YC == 1), More,More-less,0.20161290322580658,Democrat,Simultaneous,NA
2b,Biden / Hill,Biden skeptical of Anita Hill,Democrat,Simultaneous,(Intercept),0.1290322580645162,0.045758665691881514,2.819843107606371,0.0056023103056526856,0.03845578501575493,0.2196087311132775,122.99999999999999,YC,  Diff,More-less,0.1290322580645162,Democrat,Simultaneous,0.13 (0.05)
2b,Biden / Hill,Biden skeptical of Anita Hill,Republican,Change,(Intercept),NA,0.041860917913946055,5.9721576223896395,3.103155953171229e-8,NA,NA,107.00000000000009,(YC == -1),Less,More-less,0.24999999999999994,Republican,Change,NA
2b,Biden / Hill,Biden skeptical of Anita Hill,Republican,Change,(Intercept),NA,0.04643454608906268,13.758913195005354,2.0657712529720752e-25,NA,NA,107.00000000000009,(YC == 0), Same,More-less,0.6388888888888887,Republican,Change,NA
2b,Biden / Hill,Biden skeptical of Anita Hill,Republican,Change,(Intercept),NA,0.030381596756651693,3.6571847095819487,3.973509080487321e-4,NA,NA,107.00000000000009,(YC == 1), More,More-less,0.11111111111111109,Republican,Change,NA
2b,Biden / Hill,Biden skeptical of Anita Hill,Republican,Change,(Intercept),-0.13888888888888887,0.05652069240257544,-2.4573104642745,0.015604666756938836,-0.25093456957856997,-0.026843208199207783,107.00000000000009,YC,  Diff,More-less,-0.13888888888888887,Republican,Change,-0.14 (0.06)
2b,Biden / Hill,Biden skeptical of Anita Hill,Republican,Counterfactual,(Intercept),NA,0.017316017316017306,1.7500000000000004,0.08324829759071838,NA,NA,98.00000000000004,(YC == -1),Less,More-less,0.030303030303030293,Republican,Counterfactual,NA
2b,Biden / Hill,Biden skeptical of Anita Hill,Republican,Counterfactual,(Intercept),NA,0.029039843863633622,31.304951684997064,7.892974129452193e-53,NA,NA,98.00000000000004,(YC == 0), Same,More-less,0.9090909090909091,Republican,Counterfactual,NA
2b,Biden / Hill,Biden skeptical of Anita Hill,Republican,Counterfactual,(Intercept),NA,0.02410287602956718,2.514474228374849,0.013548993007448325,NA,NA,98.00000000000004,(YC == 1), More,More-less,0.06060606060606059,Republican,Counterfactual,NA
2b,Biden / Hill,Biden skeptical of Anita Hill,Republican,Counterfactual,(Intercept),0.030303030303030293,0.030303030303030293,1,0.31977328750858847,-0.02983234710631762,0.09043840771237821,98.00000000000004,YC,  Diff,More-less,0.030303030303030293,Republican,Counterfactual,0.03 (0.03)
2b,Biden / Hill,Biden skeptical of Anita Hill,Republican,Simultaneous,(Intercept),NA,0.02410287602956718,2.51447422837485,0.013548993007448282,NA,NA,98.00000000000004,(YC == -1),Less,More-less,0.0606060606060606,Republican,Simultaneous,NA
2b,Biden / Hill,Biden skeptical of Anita Hill,Republican,Simultaneous,(Intercept),NA,0.03978080447933685,20.31333500308033,6.656840154139942e-37,NA,NA,98.00000000000004,(YC == 0), Same,More-less,0.808080808080808,Republican,Simultaneous,NA
2b,Biden / Hill,Biden skeptical of Anita Hill,Republican,Simultaneous,(Intercept),NA,0.034117144062155505,3.848889903384104,2.1146897559993035e-4,NA,NA,98.00000000000004,(YC == 1), More,More-less,0.13131313131313127,Republican,Simultaneous,NA
2b,Biden / Hill,Biden skeptical of Anita Hill,Republican,Simultaneous,(Intercept),0.07070707070707069,0.043673148486065086,1.61900557111497,0.108659987595988,-0.015960871099441845,0.1573750125135832,98.00000000000004,YC,  Diff,More-less,0.07070707070707069,Republican,Simultaneous,0.07 (0.04)
2b,DREAM Act,DREAM Act helps economy,Democrat,Change,(Intercept),NA,0.021001706137777385,2.907797199401212,0.004281479551504767,NA,NA,129.99999999999991,(YC == -1),Less,More-less,0.06106870229007632,Democrat,Change,NA
2b,DREAM Act,DREAM Act helps economy,Democrat,Change,(Intercept),NA,0.04291135671009219,9.250384870542662,5.794680685833515e-16,NA,NA,129.99999999999991,(YC == 0), Same,More-less,0.3969465648854961,Democrat,Change,NA
2b,DREAM Act,DREAM Act helps economy,Democrat,Change,(Intercept),NA,0.04369802690578755,12.402956636759368,8.542771522422028e-24,NA,NA,129.99999999999991,(YC == 1), More,More-less,0.5419847328244272,Democrat,Change,NA
2b,DREAM Act,DREAM Act helps economy,Democrat,Change,(Intercept),0.48091603053435106,0.05347704084569567,8.992943942466848,2.466333128784387e-15,0.37511810078393737,0.5867139602847647,129.99999999999991,YC,  Diff,More-less,0.48091603053435106,Democrat,Change,0.48 (0.05)
2b,DREAM Act,DREAM Act helps economy,Democrat,Counterfactual,(Intercept),NA,0.023868325657594197,2.513791744789176,0.013556758919315074,NA,NA,98.99999999999999,(YC == -1),Less,More-less,0.05999999999999998,Democrat,Counterfactual,NA
2b,DREAM Act,DREAM Act helps economy,Democrat,Counterfactual,(Intercept),NA,0.03015113445777636,29.849623113198582,2.6633486974884447e-51,NA,NA,98.99999999999999,(YC == 0), Same,More-less,0.8999999999999995,Democrat,Counterfactual,NA
2b,DREAM Act,DREAM Act helps economy,Democrat,Counterfactual,(Intercept),NA,0.019694638556693234,2.0310096011589893,0.04493472521263049,NA,NA,98.99999999999999,(YC == 1), More,More-less,0.03999999999999998,Democrat,Counterfactual,NA
2b,DREAM Act,DREAM Act helps economy,Democrat,Counterfactual,(Intercept),-0.01999999999999999,0.03171845844395034,-0.6305476678616639,0.5297892035498408,-0.08293630292267558,0.0429363029226756,98.99999999999999,YC,  Diff,More-less,-0.01999999999999999,Democrat,Counterfactual,-0.02 (0.03)
2b,DREAM Act,DREAM Act helps economy,Democrat,Simultaneous,(Intercept),NA,0.015931122526606292,2.0248456731316584,0.04504826900044564,NA,NA,122.99999999999999,(YC == -1),Less,More-less,0.032258064516129045,Democrat,Simultaneous,NA
2b,DREAM Act,DREAM Act helps economy,Democrat,Simultaneous,(Intercept),NA,0.033163276096965316,25.290314351545728,1.4505891658964763e-50,NA,NA,122.99999999999999,(YC == 0), Same,More-less,0.8387096774193553,Democrat,Simultaneous,NA
2b,DREAM Act,DREAM Act helps economy,Democrat,Simultaneous,(Intercept),NA,0.03022717972037537,4.2687494916219,3.889932836838382e-5,NA,NA,122.99999999999999,(YC == 1), More,More-less,0.12903225806451618,Democrat,Simultaneous,NA
2b,DREAM Act,DREAM Act helps economy,Democrat,Simultaneous,(Intercept),0.09677419354838714,0.035144889189292955,2.753577996139189,0.006788946845027416,0.02720704030378379,0.16634134679299048,122.99999999999999,YC,  Diff,More-less,0.09677419354838714,Democrat,Simultaneous,0.10 (0.04)
2b,DREAM Act,DREAM Act helps economy,Republican,Change,(Intercept),NA,0.04587904741301812,7.4672996042934905,2.3208879903029006e-11,NA,NA,107.00000000000009,(YC == -1),Less,More-less,0.3425925925925925,Republican,Change,NA
2b,DREAM Act,DREAM Act helps economy,Republican,Change,(Intercept),NA,0.04643454608906269,7.776777023263893,4.907718674422278e-12,NA,NA,107.00000000000009,(YC == 0), Same,More-less,0.361111111111111,Republican,Change,NA
2b,DREAM Act,DREAM Act helps economy,Republican,Change,(Intercept),NA,0.044143436668549266,6.7121257123915194,9.47812690629467e-10,NA,NA,107.00000000000009,(YC == 1), More,More-less,0.29629629629629617,Republican,Change,NA
2b,DREAM Act,DREAM Act helps economy,Republican,Change,(Intercept),-0.046296296296296294,0.07714203078980411,-0.6001436029399331,0.5496794657630679,-0.1992213752755851,0.10662878268299252,107.00000000000009,YC,  Diff,More-less,-0.046296296296296294,Republican,Change,-0.05 (0.08)
2b,DREAM Act,DREAM Act helps economy,Republican,Counterfactual,(Intercept),NA,0.021904291355759022,2.2826577307580465,0.024589522572171067,NA,NA,98.99999999999999,(YC == -1),Less,More-less,0.04999999999999998,Republican,Counterfactual,NA
2b,DREAM Act,DREAM Act helps economy,Republican,Counterfactual,(Intercept),NA,0.03015113445777635,29.849623113198593,2.663348697488369e-51,NA,NA,98.99999999999999,(YC == 0), Same,More-less,0.8999999999999995,Republican,Counterfactual,NA
2b,DREAM Act,DREAM Act helps economy,Republican,Counterfactual,(Intercept),NA,0.021904291355759026,2.282657730758046,0.0245895225721711,NA,NA,98.99999999999999,(YC == 1), More,More-less,0.04999999999999998,Republican,Counterfactual,NA
2b,DREAM Act,DREAM Act helps economy,Republican,Counterfactual,(Intercept),-0,0.0317820863081864,-0,1,-0.06306255440948602,0.06306255440948602,98.99999999999999,YC,  Diff,More-less,-0,Republican,Counterfactual,0.00 (0.03)
2b,DREAM Act,DREAM Act helps economy,Republican,Simultaneous,(Intercept),NA,0.027530712883605923,2.935197542821371,0.0041527493797752085,NA,NA,98.00000000000004,(YC == -1),Less,More-less,0.08080808080808077,Republican,Simultaneous,NA
2b,DREAM Act,DREAM Act helps economy,Republican,Simultaneous,(Intercept),NA,0.036219048767708886,23.42648074295412,6.059992520697809e-42,NA,NA,98.00000000000004,(YC == 0), Same,More-less,0.8484848484848483,Republican,Simultaneous,NA
2b,DREAM Act,DREAM Act helps economy,Republican,Simultaneous,(Intercept),NA,0.02589373512976386,2.7306632416192285,0.007495908968691224,NA,NA,98.00000000000004,(YC == 1), More,More-less,0.07070707070707068,Republican,Simultaneous,NA
2b,DREAM Act,DREAM Act helps economy,Republican,Simultaneous,(Intercept),-0.010101010101010097,0.039306893136727944,-0.2569780843750233,0.7977344491845039,-0.0881042602686895,0.06790224006666931,98.00000000000004,YC,  Diff,More-less,-0.010101010101010097,Republican,Simultaneous,-0.01 (0.04)
2b,Obama Torture,Obama torture exec. order,Democrat,Change,(Intercept),NA,0.025300035578642962,3.620668957178908,4.1977742025225485e-4,NA,NA,129.99999999999991,(YC == -1),Less,More-less,0.09160305343511448,Democrat,Change,NA
2b,Obama Torture,Obama torture exec. order,Democrat,Change,(Intercept),NA,0.04206739313864906,8.528663156561835,3.285057679280586e-14,NA,NA,129.99999999999991,(YC == 0), Same,More-less,0.3587786259541984,Democrat,Change,NA
2b,Obama Torture,Obama torture exec. order,Democrat,Change,(Intercept),NA,0.043636436985247766,12.595398675572365,2.845725546789183e-24,NA,NA,129.99999999999991,(YC == 1), More,More-less,0.5496183206106867,Democrat,Change,NA
2b,Obama Torture,Obama torture exec. order,Democrat,Change,(Intercept),0.4580152671755723,0.05760898628351776,7.950413585156469,7.84803349858543e-13,0.3440427775345952,0.5719877568165493,129.99999999999991,YC,  Diff,More-less,0.4580152671755723,Democrat,Change,0.46 (0.06)
2b,Obama Torture,Obama torture exec. order,Democrat,Counterfactual,(Intercept),NA,0.019502688716427928,2.030692330267238,0.04494058237374357,NA,NA,100.00000000000017,(YC == -1),Less,More-less,0.039603960396039604,Democrat,Counterfactual,NA
2b,Obama Torture,Obama torture exec. order,Democrat,Counterfactual,(Intercept),NA,0.03235670225419444,27.233557730613665,4.685343090538157e-48,NA,NA,100.00000000000017,(YC == 0), Same,More-less,0.8811881188118815,Democrat,Counterfactual,NA
2b,Obama Torture,Obama torture exec. order,Democrat,Counterfactual,(Intercept),NA,0.027006300390071,2.9329423004270665,0.004163193878453963,NA,NA,100.00000000000017,(YC == 1), More,More-less,0.07920792079207922,Democrat,Counterfactual,NA
2b,Obama Torture,Obama torture exec. order,Democrat,Counterfactual,(Intercept),0.039603960396039604,0.03424082468473382,1.1566298639324806,0.250179215154681,-0.02832886054923047,0.10753678134130967,100.00000000000017,YC,  Diff,More-less,0.039603960396039604,Democrat,Counterfactual,0.04 (0.03)
2b,Obama Torture,Obama torture exec. order,Democrat,Simultaneous,(Intercept),NA,0.013854124038505385,1.7463066102089584,0.08325424216172468,NA,NA,122.99999999999999,(YC == -1),Less,More-less,0.024193548387096784,Democrat,Simultaneous,NA
2b,Obama Torture,Obama torture exec. order,Democrat,Simultaneous,(Intercept),NA,0.024551508696506574,37.44596106391184,4.2523141083237184e-69,NA,NA,122.99999999999999,(YC == 0), Same,More-less,0.919354838709678,Democrat,Simultaneous,NA
2b,Obama Torture,Obama torture exec. order,Democrat,Simultaneous,(Intercept),NA,0.0208097905944329,2.712742958515303,0.007629741697585079,NA,NA,122.99999999999999,(YC == 1), More,More-less,0.05645161290322583,Democrat,Simultaneous,NA
2b,Obama Torture,Obama torture exec. order,Democrat,Simultaneous,(Intercept),0.03225806451612905,0.025439962571557433,1.2680075462137055,0.2071902106617827,-0.018098781545337048,0.08261491057759515,122.99999999999999,YC,  Diff,More-less,0.03225806451612905,Democrat,Simultaneous,0.03 (0.03)
2b,Obama Torture,Obama torture exec. order,Republican,Change,(Intercept),NA,0.04587904741301812,7.4672996042934905,2.3208879903029006e-11,NA,NA,107.00000000000009,(YC == -1),Less,More-less,0.3425925925925925,Republican,Change,NA
2b,Obama Torture,Obama torture exec. order,Republican,Change,(Intercept),NA,0.047500773411999826,8.576858399204221,8.280555120439721e-14,NA,NA,107.00000000000009,(YC == 0), Same,More-less,0.4074074074074073,Republican,Change,NA
2b,Obama Torture,Obama torture exec. order,Republican,Change,(Intercept),NA,0.041860917913946055,5.9721576223896395,3.103155953171229e-8,NA,NA,107.00000000000009,(YC == 1), More,More-less,0.24999999999999994,Republican,Change,NA
2b,Obama Torture,Obama torture exec. order,Republican,Change,(Intercept),-0.09259259259259257,0.07387911345915059,-1.253298642298802,0.2128287762185993,-0.2390493185173358,0.053864133332150635,107.00000000000009,YC,  Diff,More-less,-0.09259259259259257,Republican,Change,-0.09 (0.07)
2b,Obama Torture,Obama torture exec. order,Republican,Counterfactual,(Intercept),NA,0.027265992434429065,2.934057881530954,0.004158024036355916,NA,NA,98.99999999999999,(YC == -1),Less,More-less,0.07999999999999996,Republican,Counterfactual,NA
2b,Obama Torture,Obama torture exec. order,Republican,Counterfactual,(Intercept),NA,0.036845294917747046,22.79802623035599,3.499532081527036e-41,NA,NA,98.99999999999999,(YC == 0), Same,More-less,0.8399999999999994,Republican,Counterfactual,NA
2b,Obama Torture,Obama torture exec. order,Republican,Counterfactual,(Intercept),NA,0.027265992434429072,2.9340578815309533,0.004158024036355929,NA,NA,98.99999999999999,(YC == 1), More,More-less,0.07999999999999996,Republican,Counterfactual,NA
2b,Obama Torture,Obama torture exec. order,Republican,Counterfactual,(Intercept),-0,0.04020151261036847,-0,1,-0.07976852280090824,0.07976852280090824,98.99999999999999,YC,  Diff,More-less,-0,Republican,Counterfactual,0.00 (0.04)
2b,Obama Torture,Obama torture exec. order,Republican,Simultaneous,(Intercept),NA,0.034117144062155505,3.848889903384105,2.1146897559993016e-4,NA,NA,98.00000000000004,(YC == -1),Less,More-less,0.1313131313131313,Republican,Simultaneous,NA
2b,Obama Torture,Obama torture exec. order,Republican,Simultaneous,(Intercept),NA,0.03978080447933686,20.313335003080326,6.656840154140035e-37,NA,NA,98.00000000000004,(YC == 0), Same,More-less,0.808080808080808,Republican,Simultaneous,NA
2b,Obama Torture,Obama torture exec. order,Republican,Simultaneous,(Intercept),NA,0.024102876029567184,2.5144742283748487,0.013548993007448338,NA,NA,98.00000000000004,(YC == 1), More,More-less,0.06060606060606059,Republican,Simultaneous,NA
2b,Obama Torture,Obama torture exec. order,Republican,Simultaneous,(Intercept),-0.0707070707070707,0.043673148486065086,-1.6190055711149702,0.10865998759598797,-0.15737501251358324,0.01596087109944183,98.00000000000004,YC,  Diff,More-less,-0.0707070707070707,Republican,Simultaneous,-0.07 (0.04)
2b,Trump Coal,Trump coal ash exec. order,Democrat,Change,(Intercept),NA,0.042258754519696386,8.67068180084855,1.493046513550197e-14,NA,NA,129.99999999999991,(YC == -1),Less,More-less,0.3664122137404579,Democrat,Change,NA
2b,Trump Coal,Trump coal ash exec. order,Democrat,Change,(Intercept),NA,0.04039314978724563,7.559289460184547,6.450650272766568e-12,NA,NA,129.99999999999991,(YC == 0), Same,More-less,0.3053435114503816,Democrat,Change,NA
2b,Trump Coal,Trump coal ash exec. order,Democrat,Change,(Intercept),NA,0.041184385658063004,7.970114633600155,7.051474939312286e-13,NA,NA,129.99999999999991,(YC == 1), More,More-less,0.3282442748091603,Democrat,Change,NA
2b,Trump Coal,Trump coal ash exec. order,Democrat,Change,(Intercept),-0.03816793893129771,0.07302263595243044,-0.5226864031060406,0.6020821509969622,-0.18263449105367646,0.10629861319108103,129.99999999999991,YC,  Diff,More-less,-0.03816793893129771,Democrat,Change,-0.04 (0.07)
2b,Trump Coal,Trump coal ash exec. order,Democrat,Counterfactual,(Intercept),NA,0.03235670225419444,3.6719403681726277,3.88647457279447e-4,NA,NA,100.00000000000017,(YC == -1),Less,More-less,0.11881188118811882,Democrat,Counterfactual,NA
2b,Trump Coal,Trump coal ash exec. order,Democrat,Counterfactual,(Intercept),NA,0.03741473985681422,22.228757209048467,1.7635801769176431e-40,NA,NA,100.00000000000017,(YC == 0), Same,More-less,0.8316831683168321,Democrat,Counterfactual,NA
2b,Trump Coal,Trump coal ash exec. order,Democrat,Counterfactual,(Intercept),NA,0.02169198247545212,2.2821773229381925,0.024597281133186173,NA,NA,100.00000000000017,(YC == 1), More,More-less,0.04950495049504951,Democrat,Counterfactual,NA
2b,Trump Coal,Trump coal ash exec. order,Democrat,Counterfactual,(Intercept),-0.06930693069306931,0.04043678783497452,-1.7139573740603717,0.08963465989610535,-0.1495323660582384,0.010918504672099774,100.00000000000017,YC,  Diff,More-less,-0.06930693069306931,Democrat,Counterfactual,-0.07 (0.04)
2b,Trump Coal,Trump coal ash exec. order,Democrat,Simultaneous,(Intercept),NA,0.0193482810816018,2.5008473140389023,0.01370478972213616,NA,NA,122.99999999999999,(YC == -1),Less,More-less,0.04838709677419357,Democrat,Simultaneous,NA
2b,Trump Coal,Trump coal ash exec. order,Democrat,Simultaneous,(Intercept),NA,0.024551508696506574,37.44596106391184,4.2523141083237184e-69,NA,NA,122.99999999999999,(YC == 0), Same,More-less,0.919354838709678,Democrat,Simultaneous,NA
2b,Trump Coal,Trump coal ash exec. order,Democrat,Simultaneous,(Intercept),NA,0.015931122526606296,2.024845673131658,0.04504826900044569,NA,NA,122.99999999999999,(YC == 1), More,More-less,0.032258064516129045,Democrat,Simultaneous,NA
2b,Trump Coal,Trump coal ash exec. order,Democrat,Simultaneous,(Intercept),-0.016129032258064523,0.02556436410838703,-0.6309185782865997,0.5292643697839854,-0.06673212353401618,0.03447405901788714,122.99999999999999,YC,  Diff,More-less,-0.016129032258064523,Democrat,Simultaneous,-0.02 (0.03)
2b,Trump Coal,Trump coal ash exec. order,Republican,Change,(Intercept),NA,0.036028141763926394,4.626013402488152,1.0496622454842863e-5,NA,NA,107.00000000000009,(YC == -1),Less,More-less,0.1666666666666666,Republican,Change,NA
2b,Trump Coal,Trump coal ash exec. order,Republican,Change,(Intercept),NA,0.04832853553437051,10.537444464814826,3.0873963705658763e-18,NA,NA,107.00000000000009,(YC == 0), Same,More-less,0.5092592592592592,Republican,Change,NA
2b,Trump Coal,Trump coal ash exec. order,Republican,Change,(Intercept),NA,0.045245960070300524,7.162497459895793,1.0533211611910519e-10,NA,NA,107.00000000000009,(YC == 1), More,More-less,0.32407407407407396,Republican,Change,NA
2b,Trump Coal,Trump coal ash exec. order,Republican,Change,(Intercept),0.15740740740740733,0.06599091192272388,2.385289168177176,0.01882433766378691,0.026588121029070766,0.2882266937857439,107.00000000000009,YC,  Diff,More-less,0.15740740740740733,Republican,Change,0.16 (0.07)
2b,Trump Coal,Trump coal ash exec. order,Republican,Counterfactual,(Intercept),NA,0.03265986323710904,3.674234614174766,3.873122498296651e-4,NA,NA,98.99999999999999,(YC == -1),Less,More-less,0.11999999999999995,Republican,Counterfactual,NA
2b,Trump Coal,Trump coal ash exec. order,Republican,Counterfactual,(Intercept),NA,0.03942772444036625,20.543919576822407,1.7623150339843625e-37,NA,NA,98.99999999999999,(YC == 0), Same,More-less,0.8099999999999995,Republican,Counterfactual,NA
2b,Trump Coal,Trump coal ash exec. order,Republican,Counterfactual,(Intercept),NA,0.025643239997624273,2.729764257811617,0.007502567538609629,NA,NA,98.99999999999999,(YC == 1), More,More-less,0.06999999999999999,Republican,Counterfactual,NA
2b,Trump Coal,Trump coal ash exec. order,Republican,Counterfactual,(Intercept),-0.04999999999999998,0.043519413988924456,-1.1489125293076055,0.2533603247008178,-0.13635195895993094,0.03635195895993098,98.99999999999999,YC,  Diff,More-less,-0.04999999999999998,Republican,Counterfactual,-0.05 (0.04)
2b,Trump Coal,Trump coal ash exec. order,Republican,Simultaneous,(Intercept),NA,0.02410287602956718,2.514474228374849,0.013548993007448325,NA,NA,98.00000000000004,(YC == -1),Less,More-less,0.06060606060606059,Republican,Simultaneous,NA
2b,Trump Coal,Trump coal ash exec. order,Republican,Simultaneous,(Intercept),NA,0.0371835461088748,22.547172771768977,1.4401874592361488e-40,NA,NA,98.00000000000004,(YC == 0), Same,More-less,0.8383838383838382,Republican,Simultaneous,NA
2b,Trump Coal,Trump coal ash exec. order,Republican,Simultaneous,(Intercept),NA,0.0304401487874877,3.3183182419798407,0.0012719822304231192,NA,NA,98.00000000000004,(YC == 1), More,More-less,0.10101010101010097,Republican,Simultaneous,NA
2b,Trump Coal,Trump coal ash exec. order,Republican,Simultaneous,(Intercept),0.040404040404040394,0.040404040404040394,1,0.31977328750858847,-0.0397764628084235,0.12058454361650428,98.00000000000004,YC,  Diff,More-less,0.040404040404040394,Republican,Simultaneous,0.04 (0.04)
1,Blocked whistleblower,Blocked whistleblower,Democrat,Counterfactual,(Intercept),-0.5681818181818182,0.24199166391546276,-2.347939631425926,0.023547586814355776,-1.0562045190782934,-0.08015911728534308,43,tau_i_tilde,NA,CATE,NA,Democrat,Counterfactual,-0.57 (0.24)
1,Blocked whistleblower,Blocked whistleblower,Republican,Counterfactual,(Intercept),0.11904761904761905,0.2316490922044411,0.5139136005875387,0.6100712291146246,-0.34877721342480167,0.5868724515200398,41,tau_i_tilde,NA,CATE,NA,Republican,Counterfactual,0.12 (0.23)
1,Death penalty,Death penalty,Democrat,Counterfactual,(Intercept),-0.023255813953488375,0.07050185622324258,-0.32986101642273574,0.7431446098528869,-0.1655343200123509,0.11902269210537415,42,tau_i_tilde,NA,CATE,NA,Democrat,Counterfactual,-0.02 (0.07)
1,Death penalty,Death penalty,Republican,Counterfactual,(Intercept),-0.26829268292682945,0.20369869620109846,-1.3171055481963496,0.19529897330392876,-0.6799831048563434,0.1433977390026845,40,tau_i_tilde,NA,CATE,NA,Republican,Counterfactual,-0.27 (0.20)
1,Disputed accusation,Disputed accusation,Democrat,Counterfactual,(Intercept),-0.4318181818181819,0.17018124672389195,-2.5374016827998616,0.014875624658860323,-0.7750213745411205,-0.08861498909524324,43,tau_i_tilde,NA,CATE,NA,Democrat,Counterfactual,-0.43 (0.17)
1,Disputed accusation,Disputed accusation,Republican,Counterfactual,(Intercept),-1.1666666666666665,0.23343286412130937,-4.997868106781993,1.1293351175842358e-5,-1.6380938996071255,-0.6952394337262076,41,tau_i_tilde,NA,CATE,NA,Republican,Counterfactual,-1.17 (0.23)
1,Endorsed Trump,Endorsed Trump,Democrat,Counterfactual,(Intercept),-0.3863636363636364,0.2371784216369161,-1.6289999473691585,0.11061846514474462,-0.864679509103973,0.09195223637670014,43,tau_i_tilde,NA,CATE,NA,Democrat,Counterfactual,-0.39 (0.24)
1,Endorsed Trump,Endorsed Trump,Republican,Counterfactual,(Intercept),-0.11904761904761899,0.18098447053323088,-0.6577780883457647,0.5143570973946279,-0.4845531723031187,0.24645793420788067,41,tau_i_tilde,NA,CATE,NA,Republican,Counterfactual,-0.12 (0.18)
1,Immigration,Immigrant population,Democrat,Counterfactual,(Intercept),0.06976744186046514,0.1305722511735668,0.5343205867510458,0.5959369932712627,-0.19373802912872418,0.33327291284965443,42,tau_i_tilde,NA,CATE,NA,Democrat,Counterfactual,0.07 (0.13)
1,Immigration,Immigrant population,Republican,Counterfactual,(Intercept),-0.07317073170731712,0.23266809790657222,-0.31448545101657555,0.7547869067191173,-0.5434104984956607,0.3970690350810264,40,tau_i_tilde,NA,CATE,NA,Republican,Counterfactual,-0.07 (0.23)
1,Supports charters,Supports charters,Democrat,Counterfactual,(Intercept),-0.11363636363636365,0.14252298168195504,-0.797319578185272,0.4296463699590468,-0.40106134900505247,0.17378862173232518,43,tau_i_tilde,NA,CATE,NA,Democrat,Counterfactual,-0.11 (0.14)
1,Supports charters,Supports charters,Republican,Counterfactual,(Intercept),-0.04761904761904761,0.21269899052856606,-0.22387998880818497,0.8239625550978317,-0.4771733733630089,0.3819352781249137,41,tau_i_tilde,NA,CATE,NA,Republican,Counterfactual,-0.05 (0.21)
1,Tax cuts,Tax Cuts and Jobs Act,Democrat,Counterfactual,(Intercept),0.23255813953488383,0.15190634063771655,1.5309310892394863,0.13328451908083905,-0.07400126704819784,0.5391175461179655,42,tau_i_tilde,NA,CATE,NA,Democrat,Counterfactual,0.23 (0.15)
1,Tax cuts,Tax Cuts and Jobs Act,Republican,Counterfactual,(Intercept),-0.02439024390243904,0.13292123505793874,-0.18349396085439343,0.8553374553493142,-0.2930340809271544,0.2442535931222763,40,tau_i_tilde,NA,CATE,NA,Republican,Counterfactual,-0.02 (0.13)
1,Undisputed accusation,Undisputed accusation,Democrat,Counterfactual,(Intercept),-0.7674418604651165,0.25308114444297186,-3.03239446049703,0.004146743193181872,-1.27818028739383,-0.25670343353640324,42,tau_i_tilde,NA,CATE,NA,Democrat,Counterfactual,-0.77 (0.25)
1,Undisputed accusation,Undisputed accusation,Republican,Counterfactual,(Intercept),-0.8048780487804882,0.2595011917711296,-3.101635269137263,0.0035212421119407587,-1.329349521224267,-0.2804065763367094,40,tau_i_tilde,NA,CATE,NA,Republican,Counterfactual,-0.80 (0.26)
2a,Biden / Hill,Biden skeptical of Anita Hill,Democrat,Counterfactual,(Intercept),-0.21126760563380312,0.04232772455770232,-4.991234653915717,9.430050696704411e-7,-0.2945130292063305,-0.12802218206127577,354,tau_i_tilde,NA,CATE,NA,Democrat,Counterfactual,-0.21 (0.04)
2a,Biden / Hill,Biden skeptical of Anita Hill,Republican,Counterfactual,(Intercept),0.0672514619883041,0.035072352908750305,1.9175064234577013,0.05600878845071407,-0.0017339317396075499,0.13623685571621574,341,tau_i_tilde,NA,CATE,NA,Republican,Counterfactual,0.07 (0.04)
2a,DREAM Act,DREAM Act helps economy,Democrat,Counterfactual,(Intercept),0.05367231638418078,0.026833946902465534,2.0001648128494027,0.046248145609024134,8.978049403401897e-4,0.10644682782802137,353,tau_i_tilde,NA,CATE,NA,Democrat,Counterfactual,0.05 (0.03)
2a,DREAM Act,DREAM Act helps economy,Republican,Counterfactual,(Intercept),0.09705882352941188,0.03905408748509123,2.4852411048258074,0.013428046122251746,0.020239962205759285,0.17387768485306448,339,tau_i_tilde,NA,CATE,NA,Republican,Counterfactual,0.10 (0.04)
2a,Obama Torture,Obama torture exec. order,Democrat,Counterfactual,(Intercept),0.039548022598870046,0.06582467485195816,0.6008084762714717,0.5483531213817096,-0.08990982677708473,0.16900587197482483,353,tau_i_tilde,NA,CATE,NA,Democrat,Counterfactual,0.04 (0.07)
2a,Obama Torture,Obama torture exec. order,Republican,Counterfactual,(Intercept),0.03225806451612905,0.06344198098747934,0.5084655935081122,0.6114566151680055,-0.09253013818898673,0.15704626722124485,340,tau_i_tilde,NA,CATE,NA,Republican,Counterfactual,0.03 (0.06)
2a,Opposed Kav,Senator opposed Kavanaugh,Democrat,Counterfactual,(Intercept),0.09411764705882339,0.05208945531594416,1.8068464430653155,0.07196955282208464,-0.008464593638988174,0.19669988775663494,254,tau_i_tilde,NA,CATE,NA,Democrat,Counterfactual,0.09 (0.05)
2a,Opposed Kav,Senator opposed Kavanaugh,Republican,Counterfactual,(Intercept),0.01913875598086125,0.0538205941342586,0.35560283732874653,0.7224983862718974,-0.08696502863756726,0.12524254059928977,208,tau_i_tilde,NA,CATE,NA,Republican,Counterfactual,0.02 (0.05)
2a,Supported Kav,Senator supported Kavanaugh,Democrat,Counterfactual,(Intercept),-0.029126213592233014,0.08990160100912412,-0.32397880866745626,0.7466174658546856,-0.20744561293104247,0.14919318574657642,102,tau_i_tilde,NA,CATE,NA,Democrat,Counterfactual,-0.03 (0.09)
2a,Supported Kav,Senator supported Kavanaugh,Republican,Counterfactual,(Intercept),-0.037878787878787894,0.07404672380533693,-0.5115525161973172,0.6098254252663977,-0.18436087061425216,0.10860329485667636,131,tau_i_tilde,NA,CATE,NA,Republican,Counterfactual,-0.04 (0.07)
2a,Trump Coal,Trump coal ash exec. order,Democrat,Counterfactual,(Intercept),-0.20224719101123564,0.07157477397160815,-2.8256769779176927,0.004984948255949551,-0.34301107245297124,-0.061483309569500016,355,tau_i_tilde,NA,CATE,NA,Democrat,Counterfactual,-0.20 (0.07)
2a,Trump Coal,Trump coal ash exec. order,Republican,Counterfactual,(Intercept),0.03801169590643275,0.06103902255359521,0.622744177678413,0.533868874091882,-0.0820487122042555,0.158072104017121,341,tau_i_tilde,NA,CATE,NA,Republican,Counterfactual,0.04 (0.06)
2b,Biden / Hill,Biden skeptical of Anita Hill,Democrat,Counterfactual,(Intercept),-0.01960784313725492,0.03407368127389226,-0.5754542040715375,0.5662640278533606,-0.08720086106510284,0.04798517479059301,101,tau_i_tilde,NA,CATE,NA,Democrat,Counterfactual,-0.02 (0.03)
2b,Biden / Hill,Biden skeptical of Anita Hill,Republican,Counterfactual,(Intercept),0.030303030303030293,0.030303030303030293,1,0.31977328750858847,-0.02983234710631762,0.09043840771237821,98,tau_i_tilde,NA,CATE,NA,Republican,Counterfactual,0.03 (0.03)
2b,DREAM Act,DREAM Act helps economy,Democrat,Counterfactual,(Intercept),-0.01999999999999999,0.03171845844395034,-0.6305476678616639,0.5297892035498407,-0.08293630292267559,0.04293630292267561,99,tau_i_tilde,NA,CATE,NA,Democrat,Counterfactual,-0.02 (0.03)
2b,DREAM Act,DREAM Act helps economy,Republican,Counterfactual,(Intercept),-0,0.0317820863081864,-0,1,-0.06306255440948604,0.06306255440948604,99,tau_i_tilde,NA,CATE,NA,Republican,Counterfactual,0.00 (0.03)
2b,Obama Torture,Obama torture exec. order,Democrat,Counterfactual,(Intercept),0.039603960396039604,0.03424082468473383,1.1566298639324804,0.250179215154681,-0.028328860549230485,0.1075367813413097,100,tau_i_tilde,NA,CATE,NA,Democrat,Counterfactual,0.04 (0.03)
2b,Obama Torture,Obama torture exec. order,Republican,Counterfactual,(Intercept),-0,0.04020151261036847,-0,1,-0.07976852280090825,0.07976852280090825,99,tau_i_tilde,NA,CATE,NA,Republican,Counterfactual,0.00 (0.04)
2b,Trump Coal,Trump coal ash exec. order,Democrat,Counterfactual,(Intercept),-0.06930693069306931,0.04043678783497452,-1.7139573740603717,0.08963465989610535,-0.1495323660582384,0.01091850467209976,100,tau_i_tilde,NA,CATE,NA,Democrat,Counterfactual,-0.07 (0.04)
2b,Trump Coal,Trump coal ash exec. order,Republican,Counterfactual,(Intercept),-0.04999999999999998,0.043519413988924456,-1.1489125293076055,0.2533603247008178,-0.13635195895993096,0.03635195895993099,99,tau_i_tilde,NA,CATE,NA,Republican,Counterfactual,-0.05 (0.04)
2b,Biden / Hill,Biden skeptical of Anita Hill,Democrat,Simultaneous,(Intercept),0.1290322580645162,0.04575866569188153,2.81984310760637,0.0056023103056527,0.03845578501575489,0.21960873111327753,123,tau_i_tilde,NA,CATE,NA,Democrat,Simultaneous,0.13 (0.05)
2b,Biden / Hill,Biden skeptical of Anita Hill,Republican,Simultaneous,(Intercept),0.07070707070707069,0.043673148486065086,1.61900557111497,0.10865998759598804,-0.015960871099441845,0.1573750125135832,98,tau_i_tilde,NA,CATE,NA,Republican,Simultaneous,0.07 (0.04)
2b,DREAM Act,DREAM Act helps economy,Democrat,Simultaneous,(Intercept),0.09677419354838714,0.035144889189292955,2.753577996139189,0.006788946845027421,0.027207040303783778,0.1663413467929905,123,tau_i_tilde,NA,CATE,NA,Democrat,Simultaneous,0.10 (0.04)
2b,DREAM Act,DREAM Act helps economy,Republican,Simultaneous,(Intercept),-0.010101010101010097,0.039306893136727944,-0.2569780843750233,0.797734449184504,-0.0881042602686895,0.06790224006666931,98,tau_i_tilde,NA,CATE,NA,Republican,Simultaneous,-0.01 (0.04)
2b,Obama Torture,Obama torture exec. order,Democrat,Simultaneous,(Intercept),0.03225806451612905,0.025439962571557437,1.2680075462137055,0.2071902106617828,-0.01809878154533706,0.08261491057759517,123,tau_i_tilde,NA,CATE,NA,Democrat,Simultaneous,0.03 (0.03)
2b,Obama Torture,Obama torture exec. order,Republican,Simultaneous,(Intercept),-0.0707070707070707,0.043673148486065086,-1.6190055711149702,0.10865998759598797,-0.15737501251358324,0.01596087109944183,98,tau_i_tilde,NA,CATE,NA,Republican,Simultaneous,-0.07 (0.04)
2b,Trump Coal,Trump coal ash exec. order,Democrat,Simultaneous,(Intercept),-0.016129032258064523,0.025564364108387035,-0.6309185782865996,0.5292643697839854,-0.0667321235340162,0.03447405901788715,123,tau_i_tilde,NA,CATE,NA,Democrat,Simultaneous,-0.02 (0.03)
2b,Trump Coal,Trump coal ash exec. order,Republican,Simultaneous,(Intercept),0.040404040404040394,0.040404040404040394,1,0.31977328750858847,-0.0397764628084235,0.12058454361650428,98,tau_i_tilde,NA,CATE,NA,Republican,Simultaneous,0.04 (0.04)
